Horas_Extracurriculares,Calificaciones_Matematicas,Calificaciones_Ciencias,Calificaciones_Ingles,Calificaciones_Historia,Calificaciones_Arte,,,,,,
6,85.50,73.15,59.55,76.42,47.72,,,,,,
5,66.30,74.04,101.58,60.15,74.65,,,,,,
7,54.70,84.82,97.79,53.16,96.06,,,,,,
9,77.51,51.80,69.15,90.79,83.61,,,,,,
5,66.82,50.60,71.18,48.47,83.09,,,,,,
5,61.82,64.51,88.82,63.52,76.33,,,,,,
9,73.11,93.60,90.47,82.43,96.30,,,,,,
7,78.48,55.39,62.73,59.81,49.65,,,,,,
5,72.89,53.62,62.40,77.76,52.40,,,,,,
7,91.65,75.46,53.23,58.84,75.58,,,,,,
5,50.65,70.65,73.20,88.03,51.85,,,,,,
5,68.02,52.04,78.76,64.88,92.47,,,,,,
6,56.54,59.55,48.79,75.43,89.97,,,,,,
2,50.18,56.56,63.20,81.41,62.84,,,,,,
2,68.32,72.77,51.33,59.62,63.52,,,,,,
4,70.68,57.58,59.42,48.92,67.56,,,,,,
3,94.61,80.07,76.09,77.56,67.85,,,,,,
6,79.21,49.14,55.31,70.23,73.95,,,,,,
4,53.69,54.02,64.58,80.98,76.90,,,,,,
3,97.21,52.86,49.09,66.59,68.78,,,,,,
8,93.16,58.95,74.63,61.94,81.91,,,,,,
5,77.17,62.33,73.00,102.28,76.51,,,,,,
6,63.61,80.31,63.81,45.62,65.68,,,,,,
3,53.82,49.89,67.83,79.24,88.92,,,,,,
4,64.16,71.57,75.35,62.57,51.73,,,,,,
6,86.14,82.23,58.04,64.83,71.28,,,,,,
3,100.11,98.72,48.43,66.81,83.00,,,,,,
6,89.94,62.01,97.37,62.74,59.17,,,,,,
4,61.76,77.29,60.92,77.72,73.51,,,,,,
5,55.93,53.58,70.69,91.71,80.55,,,,,,
4,74.57,47.11,83.04,77.06,58.02,,,,,,
9,47.99,83.23,97.71,79.94,68.49,,,,,,
5,74.44,67.77,49.98,58.50,70.43,,,,,,
3,66.65,85.06,79.40,80.13,60.20,,,,,,
7,68.76,52.24,58.64,96.74,103.37,,,,,,
3,48.05,79.65,63.22,65.68,60.42,,,,,,
6,82.40,94.38,61.91,61.82,89.18,,,,,,
2,62.41,76.97,52.61,60.95,64.72,,,,,,
3,52.60,75.81,69.72,64.74,53.27,,,,,,
6,44.96,74.60,54.25,44.81,76.74,,,,,,
7,69.27,46.96,83.88,82.10,78.18,,,,,,
6,95.60,94.65,75.58,53.57,85.29,,,,,,
5,91.69,59.13,73.61,53.05,90.20,,,,,,
5,64.52,78.03,59.26,79.33,104.23,,,,,,
3,62.89,48.16,66.09,53.16,74.59,,,,,,
4,77.47,49.06,76.79,62.90,61.86,,,,,,
5,56.78,93.32,56.56,92.69,73.25,,,,,,
8,68.39,64.00,67.18,47.84,69.75,,,,,,
6,80.55,89.03,62.07,51.79,87.01,,,,,,
2,87.27,67.91,57.61,72.61,51.05,,,,,,
6,69.77,51.92,53.89,82.32,97.65,,,,,,
5,70.65,79.15,90.67,46.61,82.75,,,,,,
4,58.01,63.38,58.84,75.52,47.16,,,,,,
7,52.33,75.24,92.86,82.63,59.01,,,,,,
8,64.55,66.02,85.07,55.48,78.62,,,,,,
7,76.21,48.44,51.24,78.48,85.57,,,,,,
4,83.06,72.36,53.32,83.64,48.68,,,,,,
5,60.88,98.73,100.57,67.67,78.33,,,,,,
6,95.95,75.36,95.93,86.39,45.20,,,,,,
7,67.49,75.59,63.24,85.78,74.50,,,,,,
5,68.66,87.27,76.95,71.74,86.93,,,,,,
5,56.53,68.75,60.02,59.85,60.77,,,,,,
3,47.80,72.75,76.98,52.77,50.20,,,,,,
3,82.50,55.58,57.36,67.63,72.86,,,,,,
7,79.90,70.88,43.42,80.23,66.52,,,,,,
8,68.49,79.28,46.25,58.56,74.49,,,,,,
5,72.54,59.97,72.30,46.99,54.73,,,,,,
8,71.71,92.85,47.42,86.76,65.08,,,,,,
6,48.80,69.43,73.67,68.02,48.53,,,,,,
4,59.70,53.37,51.77,62.02,69.01,,,,,,
6,77.99,80.85,54.88,87.56,63.55,,,,,,
9,56.47,67.68,77.65,85.11,44.52,,,,,,
5,69.89,78.51,68.92,51.51,77.74,,,,,,
9,48.69,65.69,74.27,74.63,81.81,,,,,,
0,77.00,69.10,83.18,50.00,66.77,,,,,,
7,74.51,74.53,78.73,78.67,80.61,,,,,,
6,50.59,79.00,88.47,69.06,75.13,,,,,,
5,85.11,53.02,61.21,82.59,47.83,,,,,,
6,59.01,55.49,63.31,62.43,95.66,,,,,,
2,58.32,83.08,51.41,50.66,62.90,,,,,,
5,77.19,64.43,61.26,62.39,78.99,,,,,,
6,84.03,62.06,87.12,81.64,82.75,,,,,,
8,60.91,44.60,88.54,89.53,66.93,,,,,,
4,74.37,57.60,82.80,56.12,82.54,,,,,,
4,79.25,47.69,49.70,85.50,73.92,,,,,,
4,81.48,68.38,82.82,60.07,51.55,,,,,,
7,74.42,59.17,54.08,78.93,70.43,,,,,,
6,63.40,57.08,80.57,66.65,56.82,,,,,,
4,59.58,66.05,66.26,76.39,60.94,,,,,,
7,71.67,74.62,75.34,81.26,45.71,,,,,,
6,55.76,97.66,54.74,54.70,83.15,,,,,,
7,49.01,55.38,83.31,55.79,94.20,,,,,,
4,78.21,84.09,52.75,73.10,83.38,,,,,,
5,86.38,88.19,62.66,97.22,88.39,,,,,,
5,47.02,61.12,58.97,55.77,68.90,,,,,,
3,56.23,72.21,49.91,101.79,59.03,,,,,,
6,79.74,66.37,73.96,96.04,58.78,,,,,,
6,103.81,67.61,95.66,70.00,75.23,,,,,,
6,69.62,97.32,96.84,66.46,71.59,,,,,,
5,57.98,79.33,70.94,56.18,69.09,,,,,,
3,69.06,76.78,85.30,68.22,91.36,,,,,,
5,88.55,62.40,77.49,50.52,75.17,,,,,,
5,63.28,46.26,74.00,66.16,53.67,,,,,,
4,57.90,70.20,65.47,94.49,59.03,,,,,,
5,62.89,83.79,74.11,65.25,76.92,,,,,,
6,53.48,51.80,78.50,63.08,82.49,,,,,,
9,73.12,53.17,64.17,44.51,80.35,,,,,,
6,92.50,76.70,64.73,75.13,93.83,,,,,,
6,69.76,52.43,69.73,76.70,94.14,,,,,,
5,64.00,58.42,80.33,68.84,77.68,,,,,,
2,64.48,63.61,55.03,65.63,57.24,,,,,,
5,54.73,52.01,71.82,66.02,45.59,,,,,,
6,88.02,50.96,103.52,82.20,69.16,,,,,,
10,66.75,74.47,78.28,67.41,78.66,,,,,,
5,69.40,47.75,88.25,73.99,99.97,,,,,,
6,98.27,52.67,66.95,78.48,74.31,,,,,,
5,76.17,57.48,69.99,88.77,87.28,,,,,,
3,60.35,81.37,83.66,81.32,65.73,,,,,,
8,70.11,62.90,96.01,73.81,77.05,,,,,,
7,85.93,67.74,46.50,98.95,76.13,,,,,,
7,75.43,76.49,50.39,78.79,48.16,,,,,,
4,48.51,50.12,92.11,92.09,66.28,,,,,,
8,91.44,75.11,68.87,82.22,87.22,,,,,,
3,57.89,74.58,59.46,51.03,72.56,,,,,,
7,99.38,58.30,49.61,86.98,53.18,,,,,,
10,89.19,80.75,60.84,68.34,57.36,,,,,,
4,64.43,54.02,48.05,70.93,65.72,,,,,,
4,86.28,87.18,101.04,72.65,66.21,,,,,,
6,75.58,76.93,68.25,65.48,60.57,,,,,,
4,80.25,64.12,71.94,71.40,70.56,,,,,,
2,77.74,70.44,79.80,62.33,77.42,,,,,,
6,54.46,68.28,85.57,85.11,80.33,,,,,,
3,59.24,88.38,83.41,70.19,52.02,,,,,,
6,86.00,51.09,82.65,65.48,55.42,,,,,,
4,64.45,58.28,62.28,54.15,68.15,,,,,,
9,58.44,85.07,65.31,74.71,70.61,,,,,,
4,53.41,62.49,79.65,71.31,80.24,,,,,,
5,75.64,87.35,59.43,74.29,73.20,,,,,,
7,103.41,93.23,65.49,52.62,61.14,,,,,,
3,56.01,61.65,77.39,47.78,65.16,,,,,,
6,65.83,80.18,78.82,84.69,58.86,,,,,,
8,89.56,53.37,50.41,85.14,83.12,,,,,,
2,67.38,80.14,80.55,55.18,56.12,,,,,,
6,71.59,75.79,67.35,92.46,87.42,,,,,,
6,55.85,82.45,84.78,75.87,70.25,,,,,,
7,77.77,66.17,86.48,68.01,66.36,,,,,,
3,65.49,48.47,93.87,64.91,62.27,,,,,,
3,83.53,79.32,88.02,51.08,48.00,,,,,,
7,82.05,52.47,89.31,87.12,61.61,,,,,,
6,103.75,64.72,92.84,54.05,67.08,,,,,,
6,83.92,84.56,75.01,60.03,50.06,,,,,,
6,70.74,76.86,72.21,82.37,69.25,,,,,,
4,70.96,99.08,80.57,46.57,81.48,,,,,,
6,68.73,83.99,82.58,49.07,82.36,,,,,,
6,79.84,60.12,61.82,68.99,58.54,,,,,,
4,64.99,70.97,77.86,74.16,70.00,,,,,,
9,64.68,63.86,66.66,80.85,54.24,,,,,,
6,84.28,54.77,59.69,63.20,72.77,,,,,,
3,55.29,56.81,86.99,99.03,93.99,,,,,,
7,85.75,63.27,69.66,61.03,90.10,,,,,,
4,86.88,47.56,101.25,67.68,79.27,,,,,,
7,69.32,72.08,46.41,58.94,63.15,,,,,,
8,42.85,60.72,65.97,69.66,87.58,,,,,,
4,62.81,47.17,71.37,80.60,49.86,,,,,,
7,86.77,76.44,88.27,88.57,67.06,,,,,,
6,64.30,79.61,74.29,49.64,79.88,,,,,,
7,56.18,74.59,74.42,66.46,79.91,,,,,,
9,60.63,57.91,54.80,79.10,86.00,,,,,,
5,86.88,78.25,52.40,80.25,71.58,,,,,,
4,78.51,77.93,76.22,68.62,67.45,,,,,,
4,64.97,77.75,49.57,75.82,79.50,,,,,,
4,65.91,58.04,60.02,55.55,58.43,,,,,,
5,61.91,75.97,74.74,94.72,61.05,,,,,,
6,60.76,85.95,49.65,89.13,71.03,,,,,,
6,92.84,56.55,91.87,48.99,74.19,,,,,,
7,65.83,106.33,91.67,49.48,48.59,,,,,,
6,83.74,59.97,52.96,56.88,76.51,,,,,,
8,91.65,69.28,51.31,85.43,88.02,,,,,,
5,87.95,61.25,54.10,54.13,72.69,,,,,,
10,69.64,63.84,58.31,67.17,107.91,,,,,,
7,72.61,53.88,86.71,81.33,55.23,,,,,,
4,67.84,62.05,65.15,65.82,66.88,,,,,,
3,58.26,52.35,78.18,71.64,66.64,,,,,,
6,80.00,66.80,45.05,49.15,67.20,,,,,,
5,48.63,81.84,79.42,80.86,65.24,,,,,,
7,87.17,84.77,55.36,55.27,53.59,,,,,,
6,61.10,52.21,72.75,65.09,62.54,,,,,,
5,76.62,97.57,67.10,73.30,73.33,,,,,,
4,71.50,71.56,52.82,70.29,88.14,,,,,,
2,64.98,59.10,52.07,71.82,100.84,,,,,,
5,80.87,72.95,87.14,56.03,92.44,,,,,,
7,56.85,71.36,71.03,63.53,58.29,,,,,,
6,82.99,58.52,82.20,73.01,63.44,,,,,,
3,49.71,71.55,74.07,47.64,67.84,,,,,,
6,70.12,62.70,71.17,64.91,95.82,,,,,,
6,97.87,69.37,48.25,79.47,62.99,,,,,,
4,55.19,57.61,67.65,53.63,49.40,,,,,,
6,56.24,51.03,65.31,91.34,64.97,,,,,,
6,78.45,71.41,97.77,87.20,85.67,,,,,,
3,74.35,78.49,82.13,51.79,79.00,,,,,,
6,78.23,74.91,88.09,85.53,65.34,,,,,,
7,73.10,86.28,84.38,64.88,76.01,,,,,,
8,74.49,74.65,66.30,70.46,52.73,,,,,,
8,83.35,62.63,65.91,59.92,78.10,,,,,,
3,75.52,81.72,72.61,85.53,83.54,,,,,,
4,65.81,48.01,55.12,75.14,58.24,,,,,,
7,82.26,51.50,67.57,58.53,58.10,,,,,,
7,93.15,58.12,68.07,51.72,45.04,,,,,,
7,62.40,82.54,95.83,49.50,96.62,,,,,,
10,53.22,87.94,55.15,82.21,61.24,,,,,,
7,89.03,75.96,83.39,76.08,75.60,,,,,,
8,63.74,84.85,60.79,81.62,84.86,,,,,,
7,51.96,56.38,52.84,67.13,96.60,,,,,,
7,79.68,73.56,88.67,47.11,71.23,,,,,,
5,65.34,64.63,84.38,59.68,65.64,,,,,,
7,73.80,80.22,91.43,91.37,78.98,,,,,,
4,73.58,69.40,79.95,59.96,89.82,,,,,,
5,70.41,65.73,99.36,68.25,63.91,,,,,,
5,79.93,76.39,78.33,51.07,55.35,,,,,,
6,60.79,82.73,63.06,77.78,52.97,,,,,,
10,81.02,54.07,83.90,67.45,42.59,,,,,,
2,66.93,68.35,87.71,85.87,81.84,,,,,,
7,83.29,48.04,60.83,81.20,59.67,,,,,,
2,80.38,51.41,60.24,63.94,61.71,,,,,,
5,55.13,70.66,61.52,70.26,59.27,,,,,,
8,81.36,75.22,56.10,66.21,69.39,,,,,,
6,64.40,71.67,75.68,53.21,62.36,,,,,,
3,81.33,47.88,50.14,57.95,67.22,,,,,,
4,76.73,65.73,68.86,72.67,88.96,,,,,,
7,94.66,44.60,78.17,79.52,90.09,,,,,,
4,63.68,87.96,61.88,75.24,51.08,,,,,,
6,70.11,55.28,92.50,60.30,75.56,,,,,,
6,66.21,87.20,50.07,79.43,56.95,,,,,,
4,69.06,85.73,91.32,74.34,67.32,,,,,,
10,90.86,57.56,81.52,76.41,70.39,,,,,,
7,53.68,49.95,54.89,54.68,70.51,,,,,,
1,54.50,75.54,100.29,49.79,72.94,,,,,,
6,54.82,53.21,68.78,70.16,76.43,,,,,,
4,86.95,71.80,59.45,46.92,76.50,,,,,,
7,92.84,61.91,49.62,62.21,63.09,,,,,,
4,68.21,48.41,69.22,63.76,58.39,,,,,,
5,68.61,50.99,66.10,93.70,46.34,,,,,,
7,69.98,77.86,67.08,78.42,61.26,,,,,,
7,86.45,68.29,70.32,79.04,103.15,,,,,,
3,55.21,62.26,79.95,82.25,57.22,,,,,,
5,74.13,79.61,67.56,75.68,53.47,,,,,,
5,87.47,85.38,53.55,63.31,71.75,,,,,,
4,75.31,64.12,64.46,86.36,68.40,,,,,,
9,80.26,64.54,50.02,53.66,58.85,,,,,,
6,87.21,75.96,73.85,69.14,89.88,,,,,,
3,51.60,52.05,55.93,47.53,76.13,,,,,,
7,80.94,71.55,76.46,67.56,61.71,,,,,,
10,65.36,75.94,85.65,65.53,62.18,,,,,,
8,43.16,78.56,56.57,98.04,61.68,,,,,,
2,78.92,51.32,86.74,48.84,81.34,,,,,,
5,86.90,59.80,60.55,64.17,64.26,,,,,,
8,73.81,58.55,101.03,88.80,53.86,,,,,,
4,87.82,70.31,65.28,78.44,68.34,,,,,,
6,91.76,80.95,62.69,77.87,52.53,,,,,,
7,85.93,86.40,78.21,52.67,98.29,,,,,,
4,96.27,64.91,61.00,61.20,55.03,,,,,,
5,78.72,62.66,57.44,85.51,68.20,,,,,,
0,71.13,87.25,62.83,69.23,73.87,,,,,,
3,47.66,74.43,72.10,77.92,63.36,,,,,,
5,62.95,90.52,85.99,71.43,61.45,,,,,,
3,59.75,71.89,51.27,51.92,76.87,,,,,,
9,102.87,58.78,70.76,88.28,100.32,,,,,,
3,68.85,49.78,78.81,75.83,83.61,,,,,,
5,70.40,48.71,69.32,96.21,92.05,,,,,,
6,80.13,76.12,90.93,57.43,53.96,,,,,,
8,72.14,86.87,70.23,81.16,77.05,,,,,,
3,95.86,97.72,66.30,52.44,72.57,,,,,,
8,63.33,81.23,84.90,66.46,77.23,,,,,,
6,73.68,89.24,69.52,88.22,94.40,,,,,,
4,58.43,60.82,63.84,49.88,68.18,,,,,,
6,47.54,58.12,78.26,70.80,63.88,,,,,,
6,63.72,83.82,55.90,64.98,77.60,,,,,,
4,67.36,78.60,64.12,62.63,51.06,,,,,,
6,65.54,67.60,60.79,73.70,65.99,,,,,,
5,57.36,74.94,86.75,90.62,67.63,,,,,,
6,51.31,73.14,48.82,64.36,51.14,,,,,,
7,71.88,90.14,77.20,67.79,81.73,,,,,,
9,45.40,95.33,70.74,70.60,53.88,,,,,,
3,79.18,76.03,50.98,71.68,69.59,,,,,,
10,64.40,74.77,66.41,53.17,70.30,,,,,,
2,50.23,78.48,76.66,87.35,90.35,,,,,,
5,68.64,60.39,81.84,76.59,68.39,,,,,,
7,53.10,83.43,44.81,72.33,79.16,,,,,,
6,77.39,50.48,94.45,62.90,85.61,,,,,,
4,88.92,88.31,55.87,59.81,74.52,,,,,,
5,49.80,48.65,83.36,71.01,49.79,,,,,,
5,75.17,71.31,80.00,48.43,51.76,,,,,,
4,66.31,57.76,57.71,50.00,70.43,,,,,,
7,79.61,84.28,75.26,59.95,68.49,,,,,,
6,67.64,68.52,59.26,74.09,81.53,,,,,,
4,55.70,48.75,47.95,59.18,79.30,,,,,,
7,61.93,77.76,82.46,50.54,68.15,,,,,,
6,52.76,66.16,56.27,54.45,56.40,,,,,,
7,87.88,87.68,57.37,59.02,73.59,,,,,,
7,69.40,76.22,65.07,64.55,57.35,,,,,,
4,98.84,72.74,76.02,101.99,55.69,,,,,,
4,66.57,52.63,70.35,86.35,58.56,,,,,,
7,56.72,62.58,79.63,90.48,62.48,,,,,,
7,52.04,67.11,48.90,89.23,92.71,,,,,,
5,54.61,80.72,58.60,56.90,69.83,,,,,,
6,45.29,92.43,67.37,53.42,62.81,,,,,,
8,79.91,62.26,103.64,52.63,57.15,,,,,,
4,78.22,82.77,66.23,91.46,82.03,,,,,,
7,50.78,48.41,80.25,56.55,60.12,,,,,,
5,83.43,52.14,71.97,54.54,68.34,,,,,,
5,58.82,56.17,60.03,66.07,64.74,,,,,,
8,66.30,53.29,71.91,62.75,82.99,,,,,,
7,95.53,48.07,72.25,77.59,67.83,,,,,,
7,81.34,77.69,73.44,67.30,70.04,,,,,,
8,72.32,68.09,84.63,53.27,69.96,,,,,,
6,55.69,76.17,75.35,75.90,102.13,,,,,,
7,45.46,82.15,89.20,63.98,86.03,,,,,,
5,61.09,71.88,53.56,69.90,65.30,,,,,,
6,64.50,75.17,66.23,83.84,70.84,,,,,,
5,55.43,65.35,60.04,55.68,62.78,,,,,,
6,70.09,49.33,72.90,61.47,57.65,,,,,,
7,76.11,85.87,58.74,81.41,56.58,,,,,,
4,68.59,63.45,82.63,54.82,59.27,,,,,,
10,63.49,59.66,50.80,66.98,75.77,,,,,,
3,73.60,69.06,72.64,75.85,53.97,,,,,,
3,78.92,55.54,79.89,98.36,91.40,,,,,,
8,50.66,62.34,51.13,78.73,84.29,,,,,,
7,84.60,73.76,104.91,79.11,65.29,,,,,,
7,65.67,71.37,70.30,73.54,71.14,,,,,,
7,66.75,51.04,48.39,49.96,67.51,,,,,,
5,82.23,63.59,69.47,68.79,70.64,,,,,,
4,74.36,89.25,72.27,67.88,88.58,,,,,,
6,85.26,74.01,68.08,72.01,61.54,,,,,,
4,70.78,96.69,82.62,70.98,52.00,,,,,,
7,63.99,91.59,86.83,77.83,77.52,,,,,,
5,73.76,84.84,71.63,64.74,72.87,,,,,,
4,53.95,52.21,73.58,72.73,55.92,,,,,,
5,72.12,83.24,64.25,53.49,57.78,,,,,,
6,67.67,74.40,98.06,60.85,52.02,,,,,,
4,64.05,61.03,51.25,87.37,59.91,,,,,,
4,65.35,73.61,70.83,77.32,62.63,,,,,,
6,53.64,83.79,69.00,65.07,69.26,,,,,,
6,66.36,78.95,80.44,94.58,61.79,,,,,,
4,72.59,56.42,58.78,46.19,61.61,,,,,,
5,69.18,78.61,46.41,54.40,68.88,,,,,,
6,53.51,60.52,77.04,96.59,68.28,,,,,,
3,89.95,73.37,73.05,72.74,64.76,,,,,,
3,58.23,66.81,94.53,68.05,88.58,,,,,,
4,81.82,68.40,48.60,51.38,77.03,,,,,,
5,71.84,82.99,89.80,75.54,54.32,,,,,,
6,62.69,50.05,96.89,75.88,80.51,,,,,,
8,94.35,102.69,57.67,48.06,71.38,,,,,,
7,48.80,50.00,55.67,63.04,68.58,,,,,,
5,79.23,64.72,67.25,61.53,46.26,,,,,,
5,85.41,79.72,69.25,70.01,66.55,,,,,,
3,62.04,76.10,79.67,51.66,71.29,,,,,,
5,95.43,71.68,61.70,86.86,56.80,,,,,,
5,66.83,65.05,96.45,87.82,50.32,,,,,,
6,74.49,74.66,51.19,65.44,66.30,,,,,,
4,71.13,66.82,50.16,70.02,65.51,,,,,,
7,68.58,86.65,86.42,66.41,61.84,,,,,,
9,80.23,86.56,47.64,57.64,65.95,,,,,,
5,82.93,78.39,70.68,61.67,51.00,,,,,,
6,48.71,51.66,96.12,62.27,64.74,,,,,,
7,86.25,69.84,65.35,89.64,83.11,,,,,,
5,46.60,67.29,53.83,87.94,63.13,,,,,,
6,83.47,59.46,70.86,89.32,46.59,,,,,,
6,82.85,77.47,66.17,70.98,66.31,,,,,,
6,50.28,63.72,71.27,49.61,56.46,,,,,,
4,67.20,79.10,83.02,68.85,76.98,,,,,,
6,52.85,48.91,51.85,81.39,71.40,,,,,,
6,67.16,91.23,97.33,49.49,45.73,,,,,,
8,71.28,57.10,77.47,73.69,82.04,,,,,,
7,88.55,75.71,80.18,99.40,54.90,,,,,,
10,91.19,80.34,68.72,81.68,93.02,,,,,,
4,93.10,63.04,90.94,90.18,69.95,,,,,,
7,59.23,83.08,65.58,67.80,46.99,,,,,,
6,64.78,46.99,74.91,83.75,52.65,,,,,,
10,48.17,86.00,59.62,68.30,78.19,,,,,,
4,59.08,72.51,55.67,80.78,63.68,,,,,,
4,85.68,62.55,82.84,82.32,69.74,,,,,,
4,92.83,68.51,62.26,76.96,93.82,,,,,,
1,50.93,81.56,56.89,90.42,59.26,,,,,,
4,62.16,65.10,58.09,64.21,69.35,,,,,,
4,67.02,56.74,77.27,68.31,90.68,,,,,,
6,75.03,61.50,55.72,75.21,69.00,,,,,,
6,60.05,58.00,72.44,49.73,51.92,,,,,,
9,79.87,93.48,73.35,72.75,83.62,,,,,,
7,66.39,63.82,52.22,56.75,50.55,,,,,,
4,72.65,79.99,50.88,87.78,87.61,,,,,,
4,78.19,73.66,77.28,73.66,60.78,,,,,,
6,72.85,60.07,58.71,65.53,97.17,,,,,,
3,64.02,69.06,87.60,59.25,90.25,,,,,,
9,62.93,84.71,82.07,70.06,55.79,,,,,,
8,61.69,62.58,87.07,84.16,73.81,,,,,,
5,62.70,88.91,98.91,78.40,79.63,,,,,,
2,65.94,84.81,67.99,60.75,81.99,,,,,,
8,95.78,79.33,80.72,62.32,75.33,,,,,,
5,81.75,61.32,61.55,83.13,85.14,,,,,,
8,61.03,49.00,94.59,61.75,65.62,,,,,,
2,79.10,62.25,100.09,70.19,65.31,,,,,,
4,68.52,72.16,68.77,68.33,65.65,,,,,,
6,83.67,75.63,71.31,79.05,79.07,,,,,,
6,75.33,49.47,94.96,83.75,72.05,,,,,,
5,69.09,68.41,68.95,49.40,75.52,,,,,,
7,77.23,75.42,64.86,45.62,85.84,,,,,,
3,47.63,68.54,84.12,63.38,49.14,,,,,,
5,48.92,88.78,69.83,100.20,75.55,,,,,,
6,47.96,80.11,72.88,103.30,69.83,,,,,,
7,73.18,90.45,59.61,99.22,92.76,,,,,,
7,96.56,62.36,55.91,65.38,43.84,,,,,,
3,98.54,85.11,72.19,48.92,94.83,,,,,,
2,80.10,94.58,85.02,48.10,70.75,,,,,,
8,82.35,91.95,73.02,65.83,82.11,,,,,,
6,44.81,58.03,93.48,62.35,97.50,,,,,,
4,61.85,65.78,62.46,90.43,80.71,,,,,,
9,61.25,71.32,52.52,83.08,72.53,,,,,,
6,58.10,79.96,73.73,73.69,70.34,,,,,,
8,64.65,80.13,71.75,62.93,69.69,,,,,,
6,64.09,58.48,76.85,50.78,71.80,,,,,,
10,57.26,67.84,65.80,78.80,65.36,,,,,,
9,86.49,58.23,90.26,72.83,61.04,,,,,,
5,54.66,93.14,99.15,71.72,48.69,,,,,,
7,76.79,55.98,70.34,53.51,79.81,,,,,,
7,98.30,68.66,84.33,74.26,62.86,,,,,,
8,58.39,67.26,53.68,80.86,66.00,,,,,,
4,49.79,84.47,88.16,54.12,72.86,,,,,,
7,61.76,43.93,79.53,52.23,43.85,,,,,,
8,89.39,69.04,79.72,73.79,95.18,,,,,,
2,99.54,67.92,68.29,66.82,67.82,,,,,,
3,50.81,62.87,49.56,95.45,65.77,,,,,,
1,78.21,95.46,60.79,77.40,55.76,,,,,,
5,58.75,53.70,63.28,63.19,68.06,,,,,,
7,66.04,84.01,61.06,73.71,87.94,,,,,,
9,92.91,75.58,73.57,72.72,91.91,,,,,,
6,52.74,85.84,61.19,56.24,82.48,,,,,,
9,77.14,57.01,64.64,58.18,76.41,,,,,,
3,76.26,59.42,55.35,81.10,65.62,,,,,,
2,86.85,85.08,59.50,83.43,51.31,,,,,,
5,70.45,72.93,88.74,80.24,62.34,,,,,,
6,77.58,45.08,64.98,98.14,65.86,,,,,,
5,63.67,64.99,64.37,58.89,86.83,,,,,,
1,73.89,76.23,62.92,95.89,74.33,,,,,,
5,69.04,85.01,77.14,56.86,96.81,,,,,,
3,78.13,60.85,74.65,55.63,90.22,,,,,,
7,59.64,52.15,48.56,44.92,68.77,,,,,,
6,76.63,77.58,84.25,61.94,47.32,,,,,,
4,72.49,52.58,89.47,64.13,89.08,,,,,,
4,85.92,46.33,50.46,79.53,94.03,,,,,,
3,66.71,50.70,53.30,71.01,49.76,,,,,,
5,48.43,84.92,64.75,52.56,89.79,,,,,,
7,89.01,71.93,62.84,58.42,78.59,,,,,,
4,54.37,65.75,76.32,67.43,71.10,,,,,,
7,62.09,88.16,48.15,54.77,91.42,,,,,,
4,64.99,80.69,54.01,51.51,93.16,,,,,,
4,90.29,95.56,96.07,60.89,77.47,,,,,,
5,48.61,53.55,52.89,95.52,72.93,,,,,,
3,99.42,68.56,89.93,72.01,77.89,,,,,,
4,82.84,52.10,77.32,81.64,64.83,,,,,,
3,75.34,66.88,47.86,49.70,67.21,,,,,,
9,67.66,73.11,85.98,90.69,55.96,,,,,,
6,73.14,79.68,71.41,87.90,66.30,,,,,,
4,78.97,70.81,59.81,48.72,67.01,,,,,,
6,79.05,80.20,69.24,58.60,57.54,,,,,,
5,79.75,82.93,72.81,74.05,75.08,,,,,,
5,67.35,104.24,79.11,82.68,62.72,,,,,,
7,70.95,59.96,87.79,57.94,79.74,,,,,,
7,73.47,50.07,76.54,64.12,49.10,,,,,,
4,68.25,77.14,48.17,64.14,65.26,,,,,,
4,90.51,58.20,66.06,71.63,73.62,,,,,,
5,75.80,93.25,98.83,88.35,62.83,,,,,,
1,49.98,65.74,80.51,58.80,67.16,,,,,,
2,80.24,59.92,99.21,86.54,49.44,,,,,,
8,74.19,67.08,91.41,53.16,77.72,,,,,,
9,68.09,84.88,72.11,56.84,75.30,,,,,,
5,62.71,65.94,72.48,86.52,74.55,,,,,,
7,82.27,57.99,64.91,82.26,79.55,,,,,,
6,83.00,98.78,53.59,81.33,72.70,,,,,,
10,51.66,48.60,80.19,44.16,75.75,,,,,,
8,79.50,76.05,85.69,57.43,68.49,,,,,,
5,52.66,77.48,59.88,84.62,76.08,,,,,,
4,47.27,50.57,76.91,72.29,49.56,,,,,,
2,60.79,78.76,83.55,55.57,57.63,,,,,,
6,83.97,56.10,55.19,79.83,96.13,,,,,,
4,86.89,81.74,66.05,57.49,52.52,,,,,,
3,78.03,56.38,54.99,94.94,65.78,,,,,,
4,79.73,79.23,57.30,96.77,91.04,,,,,,
3,79.46,85.32,51.52,78.16,67.70,,,,,,
9,61.05,91.24,64.08,87.27,72.14,,,,,,
7,70.79,77.16,95.28,76.46,68.60,,,,,,
5,82.66,67.97,51.68,82.33,64.42,,,,,,
8,87.81,59.05,69.23,87.63,68.14,,,,,,
6,86.76,87.42,62.15,77.69,58.26,,,,,,
4,79.29,56.43,86.47,69.41,88.87,,,,,,
9,69.53,55.32,92.89,43.35,95.31,,,,,,
7,81.82,83.17,86.93,73.16,73.98,,,,,,
3,69.21,58.28,75.95,81.71,50.66,,,,,,
5,57.66,58.90,71.05,84.41,61.80,,,,,,
4,64.83,46.97,50.64,80.26,64.58,,,,,,
3,60.79,62.16,100.83,64.00,79.80,,,,,,
7,63.37,65.16,62.26,46.74,55.59,,,,,,
9,69.36,72.72,77.52,57.51,62.00,,,,,,
3,59.56,82.39,86.92,63.59,77.25,,,,,,
7,60.24,83.47,56.82,66.06,84.67,,,,,,
4,49.83,65.09,87.71,75.68,63.95,,,,,,
5,74.25,70.43,81.72,99.08,47.32,,,,,,
4,72.53,77.09,94.33,68.60,98.42,,,,,,
4,59.60,92.27,63.98,66.13,79.47,,,,,,
6,77.62,72.45,52.16,61.42,68.97,,,,,,
4,87.01,65.84,60.48,74.10,80.11,,,,,,
6,45.84,49.63,67.93,54.36,63.50,,,,,,
5,62.24,52.43,70.22,70.12,81.03,,,,,,
5,62.72,83.64,64.73,80.11,72.52,,,,,,
4,53.85,76.37,52.40,74.71,70.77,,,,,,
4,84.15,75.55,80.35,74.70,64.79,,,,,,
7,61.11,67.09,99.96,70.93,55.96,,,,,,
7,64.90,96.31,80.01,52.59,104.51,,,,,,
4,50.10,63.00,78.77,78.89,54.53,,,,,,
6,80.37,84.61,81.15,62.70,52.41,,,,,,
7,57.08,64.75,72.12,52.85,67.83,,,,,,
2,71.47,59.22,83.55,52.92,54.71,,,,,,
7,73.93,82.66,77.56,75.91,66.33,,,,,,
4,92.69,73.11,61.77,68.49,80.25,,,,,,
7,55.90,77.00,60.79,54.94,83.94,,,,,,
4,46.68,74.10,68.60,74.04,80.77,,,,,,
2,74.10,68.62,74.43,50.07,66.27,,,,,,
2,95.56,100.58,65.08,70.47,70.68,,,,,,
6,91.79,83.47,78.30,73.26,77.70,,,,,,
6,70.72,81.99,79.63,87.54,46.57,,,,,,
4,60.28,69.53,81.15,95.84,78.77,,,,,,
7,81.35,88.07,87.03,55.43,47.71,,,,,,
2,55.88,77.10,71.77,69.65,100.09,,,,,,
5,75.99,70.04,51.00,70.08,66.67,,,,,,
3,75.29,65.96,63.08,77.83,68.61,,,,,,
4,86.64,66.36,69.26,70.30,57.38,,,,,,
6,104.10,52.46,54.08,61.97,62.53,,,,,,
4,75.12,71.86,92.06,62.69,102.89,,,,,,
5,59.97,64.05,76.25,50.46,85.17,,,,,,
8,68.81,89.10,79.47,84.75,45.07,,,,,,
4,46.53,71.74,93.88,76.67,93.95,,,,,,
7,63.86,47.20,56.76,89.85,82.63,,,,,,
3,65.65,68.84,80.10,64.98,67.82,,,,,,
7,63.21,51.24,62.54,63.61,74.80,,,,,,
8,69.97,81.02,69.93,60.79,67.96,,,,,,
1,57.70,74.34,58.41,75.43,99.54,,,,,,
4,87.19,86.97,93.94,52.42,57.24,,,,,,
7,74.01,62.96,68.83,97.68,77.15,,,,,,
5,71.07,67.72,83.75,48.99,59.18,,,,,,
6,68.35,51.31,44.51,72.95,49.71,,,,,,
4,73.08,77.40,88.53,92.45,103.27,,,,,,
6,81.49,76.66,84.42,82.36,51.19,,,,,,
5,61.29,79.44,70.67,72.19,72.63,,,,,,
8,60.73,72.36,71.47,55.82,51.15,,,,,,
6,66.60,77.60,73.90,55.32,63.61,,,,,,
6,46.83,91.60,105.03,76.56,72.57,,,,,,
5,58.76,64.70,47.32,92.49,53.61,,,,,,
5,63.43,68.88,83.04,65.62,79.69,,,,,,
5,80.51,55.52,57.75,50.03,69.44,,,,,,
6,68.84,57.02,66.83,51.29,82.84,,,,,,
5,73.77,73.20,64.82,53.12,88.02,,,,,,
6,85.71,83.76,67.31,72.40,59.75,,,,,,
10,68.37,62.94,74.63,90.82,76.80,,,,,,
7,72.17,64.23,50.68,77.79,69.64,,,,,,
5,69.90,59.77,85.73,75.43,82.61,,,,,,
8,67.76,59.63,43.51,59.31,63.63,,,,,,
5,60.77,76.96,75.66,59.45,76.54,,,,,,
1,49.38,50.73,65.08,90.93,66.46,,,,,,
3,66.10,89.32,49.97,72.14,72.68,,,,,,
2,90.59,59.91,73.90,50.06,89.14,,,,,,
5,82.92,76.80,51.87,60.75,82.11,,,,,,
6,79.96,54.77,75.06,57.80,77.16,,,,,,
9,86.83,71.90,53.23,64.38,73.31,,,,,,
6,71.46,85.11,81.90,76.27,66.51,,,,,,
5,72.81,75.66,56.63,64.98,78.01,,,,,,
7,59.17,52.98,64.57,72.32,57.12,,,,,,
1,65.65,74.23,74.96,90.11,89.05,,,,,,
6,75.36,47.05,59.97,56.89,50.79,,,,,,
7,88.13,67.27,62.99,96.75,63.85,,,,,,
3,66.12,85.64,50.91,59.92,88.51,,,,,,
8,57.00,77.86,85.37,71.82,54.18,,,,,,
6,70.85,69.42,99.83,67.59,77.77,,,,,,
5,79.57,56.65,100.70,68.03,59.51,,,,,,
7,54.74,82.53,73.51,79.44,70.29,,,,,,
10,51.10,60.76,91.18,68.15,91.42,,,,,,
6,66.67,54.69,45.61,58.36,74.52,,,,,,
6,46.73,78.05,94.38,56.76,48.59,,,,,,
5,59.10,67.46,79.88,99.60,56.32,,,,,,
4,64.77,86.48,63.67,60.42,85.13,,,,,,
7,59.01,47.41,89.99,86.95,75.33,,,,,,
4,92.06,47.52,63.90,52.56,94.95,,,,,,
6,76.40,79.19,60.11,68.60,94.28,,,,,,
5,70.83,72.88,78.11,67.38,65.46,,,,,,
6,84.65,45.42,49.62,73.32,99.14,,,,,,
6,56.80,50.87,82.66,55.00,67.69,,,,,,
8,82.71,103.11,58.90,72.95,59.25,,,,,,
4,65.50,68.24,52.87,55.56,60.75,,,,,,
5,77.11,78.80,56.25,73.46,46.14,,,,,,
4,51.65,57.32,84.08,53.45,93.30,,,,,,
5,46.90,47.72,58.50,61.16,97.09,,,,,,
6,82.48,62.34,48.73,66.15,57.70,,,,,,
7,72.34,60.85,62.30,49.53,64.28,,,,,,
4,55.57,63.57,71.13,61.10,74.20,,,,,,
7,63.55,64.64,57.70,51.86,49.89,,,,,,
8,89.72,74.21,59.13,42.94,57.11,,,,,,
6,57.39,64.88,103.22,84.83,63.88,,,,,,
9,88.38,58.75,52.34,49.14,56.59,,,,,,
4,55.68,80.10,61.87,69.25,63.72,,,,,,
3,79.85,50.34,63.91,80.56,72.63,,,,,,
2,63.85,49.58,62.65,62.17,91.56,,,,,,
8,71.12,79.19,82.68,52.52,70.20,,,,,,
7,63.99,76.49,86.26,74.54,76.88,,,,,,
5,68.94,71.36,60.95,82.76,79.94,,,,,,
6,69.62,49.46,55.20,55.06,77.53,,,,,,
3,54.91,61.34,87.74,70.47,58.85,,,,,,
10,79.44,74.84,67.23,56.31,62.49,,,,,,
6,57.30,48.27,97.72,64.69,79.70,,,,,,
6,64.85,59.55,49.26,70.35,48.53,,,,,,
7,50.92,74.56,72.17,61.50,91.97,,,,,,
6,45.21,87.84,93.60,68.34,91.94,,,,,,
6,72.11,62.77,63.63,55.33,55.87,,,,,,
4,100.68,79.34,68.43,70.45,73.18,,,,,,
6,84.49,54.48,79.37,91.67,75.87,,,,,,
9,66.47,73.90,60.10,47.51,60.74,,,,,,
8,64.41,57.26,64.14,56.87,81.83,,,,,,
9,66.03,76.34,68.25,70.81,71.83,,,,,,
4,75.00,67.81,64.11,86.37,47.21,,,,,,
4,50.35,89.10,87.03,51.62,78.24,,,,,,
5,89.54,60.39,76.35,70.82,50.52,,,,,,
6,82.55,80.11,76.79,77.10,86.53,,,,,,
8,81.45,64.94,83.71,70.35,59.63,,,,,,
2,76.50,66.23,64.78,50.05,67.43,,,,,,
9,77.10,66.67,60.45,80.88,96.25,,,,,,
5,76.09,60.32,58.03,91.77,79.40,,,,,,
5,77.06,70.74,70.11,74.58,49.93,,,,,,
3,63.80,71.04,54.29,55.59,53.56,,,,,,
2,62.35,73.60,63.77,62.97,62.26,,,,,,
7,78.07,66.20,61.76,97.03,69.52,,,,,,
6,90.57,76.96,97.73,87.61,75.84,,,,,,
3,53.23,82.90,48.70,78.40,58.46,,,,,,
3,51.59,55.19,69.11,74.77,53.08,,,,,,
5,70.09,85.54,93.04,62.49,76.48,,,,,,
9,69.08,48.80,70.59,66.87,71.04,,,,,,
5,71.79,78.78,78.50,72.32,101.72,,,,,,
2,75.57,78.98,72.59,77.63,71.83,,,,,,
5,63.77,49.19,59.76,91.46,98.53,,,,,,
5,95.01,69.00,48.67,90.24,51.57,,,,,,
0,50.00,62.97,73.08,50.00,50.00,,,,,,
5,59.83,55.65,61.81,73.52,55.32,,,,,,
5,67.73,86.23,58.48,79.53,91.25,,,,,,
7,51.00,56.34,65.30,76.43,93.43,,,,,,
9,73.15,49.37,103.08,63.27,55.52,,,,,,
8,99.33,72.98,105.83,94.49,69.34,,,,,,
5,73.58,78.65,71.73,54.23,53.17,,,,,,
3,71.01,70.51,65.55,55.31,48.21,,,,,,
10,54.94,81.37,42.84,67.32,84.05,,,,,,
6,57.07,76.39,75.77,101.99,78.37,,,,,,
6,63.53,48.57,100.72,58.49,73.41,,,,,,
5,65.72,57.19,64.06,62.89,52.43,,,,,,
6,88.17,65.23,47.55,83.71,91.45,,,,,,
5,78.55,72.78,78.19,68.87,65.99,,,,,,
4,57.15,53.39,85.65,66.52,78.20,,,,,,
4,70.85,103.06,49.52,79.57,53.04,,,,,,
5,79.20,78.32,74.88,74.41,65.46,,,,,,
4,86.29,72.57,79.86,87.56,70.94,,,,,,
4,91.08,88.82,70.15,91.22,74.73,,,,,,
6,51.22,98.82,55.06,75.83,69.92,,,,,,
5,61.87,84.38,89.12,76.95,79.35,,,,,,
9,57.22,76.94,60.18,70.56,60.36,,,,,,
0,66.49,71.96,50.00,77.34,72.96,,,,,,
8,84.06,67.26,44.11,72.48,77.27,,,,,,
8,80.44,63.61,89.86,74.82,72.77,,,,,,
1,68.61,58.27,78.59,88.03,71.55,,,,,,
5,66.66,56.28,68.20,90.31,53.86,,,,,,
5,72.14,52.75,61.69,50.36,52.03,,,,,,
3,57.12,67.59,61.11,69.59,50.03,,,,,,
4,99.02,49.27,54.58,61.03,83.13,,,,,,
3,50.52,71.84,65.29,65.20,83.53,,,,,,
9,74.06,67.76,54.45,81.75,78.45,,,,,,
7,95.35,67.40,55.69,82.49,78.86,,,,,,
8,69.68,62.22,61.49,71.10,56.79,,,,,,
7,67.84,103.89,85.15,46.36,54.15,,,,,,
3,65.02,90.08,66.70,58.18,73.66,,,,,,
4,65.00,51.26,84.92,86.15,73.91,,,,,,
6,93.49,77.66,86.65,53.46,68.60,,,,,,
3,47.57,61.93,88.16,86.94,75.77,,,,,,
7,91.14,54.66,75.03,78.28,75.08,,,,,,
5,52.53,47.81,69.64,86.46,71.35,,,,,,
5,66.54,79.76,57.05,67.35,56.68,,,,,,
7,60.49,60.77,82.23,45.45,89.16,,,,,,
6,81.12,81.23,93.05,77.08,65.59,,,,,,
5,50.58,82.93,75.59,90.39,53.03,,,,,,
8,81.27,95.05,102.14,82.26,53.14,,,,,,
3,101.33,54.63,47.40,60.05,62.11,,,,,,
7,51.37,83.26,46.60,75.98,90.32,,,,,,
7,72.70,74.91,82.31,57.16,65.01,,,,,,
5,56.86,65.48,70.74,60.27,69.92,,,,,,
6,73.69,57.23,91.56,80.61,54.92,,,,,,
3,69.88,94.10,68.34,49.72,82.82,,,,,,
7,61.74,78.63,56.06,52.29,55.17,,,,,,
5,77.45,78.73,64.00,55.89,70.05,,,,,,
4,95.39,57.97,50.38,49.25,95.28,,,,,,
8,60.13,45.31,47.62,77.48,76.57,,,,,,
4,80.77,57.88,81.16,87.60,49.38,,,,,,
3,49.66,67.03,81.13,65.14,49.75,,,,,,
2,56.54,54.72,77.16,50.82,67.46,,,,,,
7,71.17,65.15,45.56,77.76,56.68,,,,,,
3,92.68,48.12,65.64,96.70,81.53,,,,,,
9,82.85,51.68,44.27,54.66,79.11,,,,,,
1,64.76,80.31,86.99,62.56,72.62,,,,,,
9,69.51,82.62,61.39,82.12,63.62,,,,,,
6,46.81,60.63,53.33,99.25,92.90,,,,,,
5,80.28,50.69,74.79,60.97,101.61,,,,,,
4,83.63,58.03,63.88,52.59,66.99,,,,,,
6,62.14,61.63,95.50,75.89,79.95,,,,,,
5,63.16,83.15,59.98,85.01,74.72,,,,,,
8,79.70,89.16,49.35,72.36,72.42,,,,,,
6,60.27,65.40,48.50,58.42,61.38,,,,,,
6,63.95,49.19,74.28,82.82,57.63,,,,,,
5,103.09,76.77,62.45,74.77,49.24,,,,,,
5,67.05,60.28,50.77,57.33,79.46,,,,,,
6,69.01,63.31,84.83,67.41,63.41,,,,,,
2,60.59,89.36,78.58,50.45,49.62,,,,,,
3,82.59,81.31,71.63,82.57,74.63,,,,,,
7,66.37,67.46,88.05,59.74,71.73,,,,,,
6,62.93,51.03,79.32,63.90,88.36,,,,,,
5,93.65,73.96,54.09,70.19,75.30,,,,,,
6,92.02,84.52,57.81,74.78,51.83,,,,,,
6,57.36,64.08,76.89,83.49,54.69,,,,,,
4,48.19,89.20,78.56,79.21,61.76,,,,,,
4,83.04,90.36,70.07,67.46,60.28,,,,,,
6,57.00,99.28,61.47,78.96,82.94,,,,,,
4,80.68,72.53,80.52,73.31,68.28,,,,,,
6,50.64,77.43,54.77,62.54,85.52,,,,,,
2,83.67,90.07,68.68,66.70,48.89,,,,,,
8,50.79,78.47,89.06,68.49,91.13,,,,,,
6,82.33,65.20,56.26,75.29,81.69,,,,,,
6,65.60,68.03,53.96,64.87,45.90,,,,,,
7,49.95,70.50,52.87,59.05,87.79,,,,,,
9,58.43,58.14,83.22,106.74,72.19,,,,,,
8,80.55,61.71,69.18,89.64,76.34,,,,,,
2,70.83,86.72,67.76,57.77,55.80,,,,,,
3,77.71,47.84,64.18,77.80,91.33,,,,,,
4,98.90,95.97,76.25,72.63,50.53,,,,,,
6,53.15,87.14,61.83,71.79,77.59,,,,,,
7,88.39,65.15,79.97,70.30,77.20,,,,,,
4,72.63,80.50,56.51,86.08,55.96,,,,,,
6,58.33,66.29,53.07,79.65,95.86,,,,,,
4,52.13,85.23,62.97,71.53,70.27,,,,,,
4,70.43,87.60,63.56,86.24,78.90,,,,,,
3,81.73,49.19,67.10,73.59,50.54,,,,,,
4,65.90,76.47,72.11,74.54,97.55,,,,,,
3,94.44,66.77,50.45,76.70,50.77,,,,,,
4,49.75,71.84,59.71,71.46,84.87,,,,,,
8,70.74,52.41,58.92,64.81,50.24,,,,,,
4,52.23,94.83,90.16,59.09,60.75,,,,,,
10,79.04,76.26,62.24,62.27,73.54,,,,,,
6,88.47,57.95,75.45,55.52,79.98,,,,,,
6,69.03,54.24,93.39,44.83,51.14,,,,,,
4,51.45,67.38,52.07,53.93,84.70,,,,,,
7,70.26,78.27,75.00,72.35,80.49,,,,,,
4,79.47,71.00,59.96,74.39,55.35,,,,,,
6,71.34,93.05,61.09,64.43,98.33,,,,,,
10,83.16,82.17,52.84,57.82,54.48,,,,,,
5,57.76,81.21,61.22,94.52,63.66,,,,,,
8,76.64,81.06,98.83,90.76,82.61,,,,,,
4,85.88,51.85,86.13,76.16,60.59,,,,,,
5,46.43,69.35,85.04,94.80,76.55,,,,,,
9,80.93,89.47,84.58,54.21,75.47,,,,,,
4,62.44,66.98,53.24,97.99,66.19,,,,,,
9,71.79,72.56,71.47,56.40,76.99,,,,,,
7,71.87,67.63,89.92,68.52,68.97,,,,,,
4,64.69,52.38,56.68,54.70,77.31,,,,,,
7,63.12,67.38,89.71,67.01,86.79,,,,,,
7,67.91,78.55,79.87,71.61,84.97,,,,,,
7,52.58,63.71,100.83,68.01,81.73,,,,,,
2,52.63,66.29,63.61,80.85,52.51,,,,,,
4,83.57,57.98,51.61,71.06,77.24,,,,,,
5,54.08,89.84,61.87,64.61,56.86,,,,,,
5,84.21,67.08,90.81,61.66,49.49,,,,,,
7,74.48,88.40,53.19,83.53,72.03,,,,,,
6,53.02,90.51,51.13,62.59,60.44,,,,,,
3,61.08,67.92,72.22,81.52,83.64,,,,,,
6,90.12,50.46,60.85,89.15,79.08,,,,,,
7,61.08,47.18,69.88,54.78,54.93,,,,,,
7,61.73,46.44,78.60,81.09,55.64,,,,,,
8,71.64,49.36,66.26,98.64,47.27,,,,,,
7,84.04,96.12,56.53,79.46,66.08,,,,,,
6,68.94,67.06,98.90,77.25,74.52,,,,,,
5,61.77,77.98,50.29,85.15,62.02,,,,,,
2,90.35,50.63,53.01,67.48,60.73,,,,,,
6,96.14,47.29,88.34,69.21,92.10,,,,,,
6,82.65,87.88,65.45,45.58,48.13,,,,,,
6,70.48,75.06,72.24,76.06,89.99,,,,,,
3,58.59,67.13,76.04,79.27,62.62,,,,,,
3,58.94,79.93,87.75,77.58,70.15,,,,,,
8,74.03,91.09,67.67,86.18,67.73,,,,,,
5,75.34,68.59,91.06,61.68,92.48,,,,,,
7,88.09,65.18,50.58,65.05,47.29,,,,,,
6,76.71,76.32,77.83,96.06,68.34,,,,,,
6,52.87,99.48,56.93,62.86,77.23,,,,,,
7,91.41,51.88,95.83,72.72,52.94,,,,,,
4,54.00,78.04,71.51,71.84,52.34,,,,,,
6,66.85,70.12,63.43,61.79,65.86,,,,,,
5,76.99,80.72,80.68,98.07,58.98,,,,,,
5,102.79,59.92,80.85,65.22,59.18,,,,,,
5,97.22,70.30,80.34,53.79,66.78,,,,,,
6,84.07,80.20,54.62,62.64,83.14,,,,,,
5,66.25,103.19,61.92,52.22,67.15,,,,,,
8,75.60,82.09,64.22,63.83,88.91,,,,,,
4,80.50,59.47,68.85,55.72,54.65,,,,,,
5,65.06,66.43,77.29,75.44,55.70,,,,,,
5,93.71,62.46,46.69,63.41,99.46,,,,,,
8,69.48,45.74,73.69,82.62,55.44,,,,,,
6,75.49,64.04,63.55,89.50,48.10,,,,,,
8,84.35,85.60,63.43,83.55,52.73,,,,,,
3,77.85,49.78,58.36,67.47,87.85,,,,,,
6,80.40,86.00,69.64,68.91,61.32,,,,,,
7,65.60,81.47,50.41,54.57,60.53,,,,,,
6,65.32,57.47,61.59,65.82,71.55,,,,,,
8,57.27,69.91,53.44,52.62,91.12,,,,,,
4,73.79,91.96,81.50,79.67,65.53,,,,,,
8,84.66,74.89,58.39,103.61,98.08,,,,,,
10,85.41,75.78,73.13,86.43,75.08,,,,,,
5,96.68,63.01,91.98,52.64,84.47,,,,,,
5,68.53,69.27,81.63,68.20,85.18,,,,,,
8,80.04,67.94,86.28,66.15,63.25,,,,,,
9,56.00,47.49,54.47,64.31,53.66,,,,,,
4,64.28,103.74,77.95,59.49,72.67,,,,,,
5,77.27,76.32,63.94,71.93,75.87,,,,,,
5,81.07,73.92,68.19,54.27,57.98,,,,,,
3,66.99,67.01,78.36,56.62,70.49,,,,,,
4,71.21,60.27,60.82,82.66,90.16,,,,,,
3,47.83,66.92,94.29,53.30,97.99,,,,,,
4,67.78,47.23,67.65,77.97,85.68,,,,,,
5,81.67,102.05,79.23,50.01,96.64,,,,,,
6,80.40,46.35,96.54,93.62,62.43,,,,,,
9,81.59,60.52,91.79,59.85,76.08,,,,,,
4,72.62,61.23,51.72,66.30,88.52,,,,,,
7,76.32,84.13,73.83,74.22,57.60,,,,,,
5,58.38,67.25,83.17,60.26,63.27,,,,,,
5,84.00,55.97,80.67,67.42,98.70,,,,,,
7,71.64,91.27,52.59,78.91,58.65,,,,,,
3,78.51,82.63,60.06,83.50,50.94,,,,,,
6,64.90,76.90,88.74,76.12,92.33,,,,,,
6,51.90,78.99,62.80,65.37,92.12,,,,,,
6,83.49,96.82,64.48,65.15,77.95,,,,,,
6,66.98,99.78,88.26,98.81,74.78,,,,,,
10,50.49,60.73,76.45,76.95,69.75,,,,,,
4,77.08,95.34,56.67,56.23,70.83,,,,,,
4,65.83,73.83,57.80,73.02,92.28,,,,,,
4,85.71,80.85,71.42,65.95,74.12,,,,,,
4,81.97,47.43,49.22,70.33,101.72,,,,,,
4,79.38,70.91,69.91,51.20,56.91,,,,,,
8,45.11,50.65,69.11,64.10,73.93,,,,,,
8,93.46,82.12,88.29,102.04,61.00,,,,,,
4,74.30,84.78,78.52,78.13,51.28,,,,,,
4,62.39,49.66,61.99,51.34,64.73,,,,,,
6,74.77,70.51,92.07,87.47,77.13,,,,,,
4,50.09,86.33,63.46,85.70,79.33,,,,,,
7,77.44,66.13,46.22,67.87,97.82,,,,,,
6,54.14,83.45,68.79,77.24,78.20,,,,,,
2,51.29,76.00,90.93,56.47,85.49,,,,,,
9,55.34,80.52,75.26,58.48,64.50,,,,,,
9,90.29,61.63,62.15,90.06,98.64,,,,,,
4,57.58,52.58,91.79,63.89,99.00,,,,,,
5,95.87,53.90,51.57,50.67,79.41,,,,,,
6,63.87,79.19,47.51,72.37,58.81,,,,,,
6,52.23,70.13,54.05,72.07,65.77,,,,,,
7,51.52,65.57,70.01,86.26,70.09,,,,,,
10,95.38,57.18,67.36,79.03,76.60,,,,,,
5,69.76,62.76,97.77,64.55,82.65,,,,,,
4,59.14,83.02,73.20,84.99,78.77,,,,,,
3,71.99,65.79,64.85,73.32,71.38,,,,,,
4,80.26,51.14,67.78,60.38,58.53,,,,,,
5,82.29,85.60,72.85,89.78,72.98,,,,,,
9,99.65,70.87,53.88,67.69,99.37,,,,,,
4,66.02,66.92,98.53,69.79,87.21,,,,,,
6,51.54,98.30,81.38,76.61,76.05,,,,,,
5,61.52,73.29,74.18,53.98,81.52,,,,,,
8,70.20,73.50,77.59,64.79,67.63,,,,,,
10,64.38,54.03,81.79,71.81,58.37,,,,,,
4,54.05,70.45,68.50,69.78,56.16,,,,,,
5,77.37,79.40,57.84,87.35,65.29,,,,,,
8,67.76,55.75,77.61,74.33,61.05,,,,,,
7,65.90,67.71,73.79,78.03,89.30,,,,,,
9,50.12,66.14,56.13,73.45,60.41,,,,,,
7,67.09,69.89,94.51,88.71,52.05,,,,,,
5,60.21,86.28,74.25,72.05,95.69,,,,,,
7,81.74,78.93,86.39,72.37,60.64,,,,,,
8,83.47,99.22,87.90,68.57,74.61,,,,,,
7,47.93,53.62,69.21,50.69,71.44,,,,,,
7,56.30,66.59,78.21,76.64,53.68,,,,,,
8,49.15,75.56,82.81,65.03,83.11,,,,,,
8,65.83,55.49,59.82,61.23,75.32,,,,,,
8,68.83,79.66,63.87,84.80,88.29,,,,,,
7,50.10,99.93,70.61,54.25,54.36,,,,,,
5,52.80,72.01,53.52,66.22,73.09,,,,,,
6,60.05,80.44,105.29,86.55,70.20,,,,,,
8,69.40,71.26,47.16,67.66,78.87,,,,,,
4,68.17,57.98,53.12,72.18,47.30,,,,,,
6,61.05,55.44,91.74,75.90,67.59,,,,,,
5,73.46,60.79,79.36,68.77,48.37,,,,,,
6,60.94,49.07,55.05,53.22,78.06,,,,,,
8,64.75,92.24,84.26,60.23,47.06,,,,,,
6,98.17,70.76,96.14,95.10,49.01,,,,,,
6,87.01,62.19,66.09,59.77,80.26,,,,,,
3,51.97,81.84,99.27,64.86,59.88,,,,,,
7,84.38,53.56,47.86,66.94,60.89,,,,,,
7,81.15,55.85,74.65,67.91,89.67,,,,,,
10,51.99,73.43,89.33,53.33,80.28,,,,,,
5,80.15,82.08,86.48,81.22,84.47,,,,,,
6,95.81,79.21,65.65,77.53,67.66,,,,,,
6,53.30,71.34,68.28,83.63,95.49,,,,,,
9,53.32,63.02,78.74,53.71,63.26,,,,,,
5,86.19,72.42,81.04,60.98,92.85,,,,,,
6,79.58,77.84,75.05,69.85,68.13,,,,,,
7,77.47,59.12,88.20,71.56,51.61,,,,,,
6,79.63,67.83,58.53,53.47,80.28,,,,,,
5,74.59,56.18,68.11,84.04,76.24,,,,,,
6,45.30,72.39,50.70,84.13,56.08,,,,,,
8,81.48,69.52,60.15,48.13,51.15,,,,,,
3,87.06,99.26,82.69,62.18,68.72,,,,,,
6,63.61,71.31,72.36,58.20,70.43,,,,,,
4,65.75,46.86,101.85,97.56,51.58,,,,,,
8,56.13,66.45,67.15,57.30,92.49,,,,,,
2,79.06,79.60,72.22,94.01,61.66,,,,,,
4,80.46,95.40,72.02,52.67,46.82,,,,,,
6,65.24,58.72,62.62,58.71,83.83,,,,,,
9,80.69,43.82,76.80,58.93,75.45,,,,,,
5,60.78,84.23,82.86,57.38,88.75,,,,,,
4,80.21,51.13,74.83,62.35,73.04,,,,,,
9,62.22,61.25,51.55,51.82,78.29,,,,,,
3,69.35,68.03,55.67,56.69,69.09,,,,,,
1,66.93,68.38,63.67,87.43,76.80,,,,,,
6,73.53,78.03,75.89,91.17,68.76,,,,,,
4,63.25,63.11,87.95,85.08,56.82,,,,,,
3,67.29,64.83,50.56,77.22,78.39,,,,,,
7,83.95,66.61,67.87,66.49,67.33,,,,,,
6,65.85,72.62,75.82,65.63,74.18,,,,,,
4,46.98,73.97,47.07,54.65,87.58,,,,,,
3,93.98,74.60,59.01,76.60,66.14,,,,,,
7,97.39,88.63,59.55,52.57,76.40,,,,,,
7,47.25,79.61,57.44,58.10,56.57,,,,,,
5,76.06,73.74,72.15,91.21,78.82,,,,,,
9,57.06,53.69,67.75,105.83,77.61,,,,,,
3,71.32,70.10,64.22,76.10,81.72,,,,,,
2,73.99,76.81,76.61,86.64,60.03,,,,,,
4,68.67,82.98,99.12,64.62,65.81,,,,,,
5,56.68,64.16,91.45,54.28,81.09,,,,,,
6,59.03,56.02,52.46,78.72,75.48,,,,,,
5,57.84,60.67,81.48,75.17,56.44,,,,,,
6,57.62,77.83,69.37,70.31,92.19,,,,,,
3,70.80,84.89,72.86,64.50,49.90,,,,,,
8,65.04,61.73,65.05,84.47,78.41,,,,,,
5,75.49,79.29,75.25,55.81,49.70,,,,,,
8,96.33,74.54,76.93,56.05,103.48,,,,,,
6,60.85,67.41,57.02,50.01,49.64,,,,,,
6,79.37,63.22,60.68,76.52,83.89,,,,,,
7,77.29,85.08,62.21,57.04,74.11,,,,,,
6,82.82,78.45,70.61,63.73,68.00,,,,,,
7,74.34,99.83,83.63,57.74,67.20,,,,,,
8,77.29,54.13,81.76,70.09,87.12,,,,,,
6,77.65,79.26,65.91,49.84,58.54,,,,,,
7,57.75,59.34,71.22,67.47,53.40,,,,,,
5,86.48,54.42,79.65,85.09,77.21,,,,,,
8,76.96,73.47,87.41,69.59,53.03,,,,,,
4,60.06,68.71,66.20,90.48,63.28,,,,,,
9,67.91,93.03,71.06,98.58,95.51,,,,,,
5,75.40,62.38,70.66,77.23,53.09,,,,,,
3,66.45,51.56,52.51,70.87,86.39,,,,,,
6,83.31,69.56,62.75,69.83,62.24,,,,,,
4,102.32,53.61,79.62,80.01,75.25,,,,,,
7,56.04,65.80,83.39,65.08,74.53,,,,,,
4,52.42,67.65,63.37,47.41,88.26,,,,,,
5,70.45,79.79,74.47,79.71,69.29,,,,,,
2,80.35,85.67,58.65,52.62,99.84,,,,,,
5,64.42,62.61,82.03,56.32,60.04,,,,,,
1,91.72,67.70,68.93,70.07,73.49,,,,,,
2,48.42,59.88,64.43,70.00,73.27,,,,,,
7,76.31,51.71,61.32,54.38,59.17,,,,,,
7,61.64,72.48,74.24,73.91,69.24,,,,,,
6,93.35,47.47,65.80,83.19,69.01,,,,,,
4,99.38,63.03,80.73,53.09,62.81,,,,,,
5,57.29,53.27,65.68,91.72,100.43,,,,,,
5,65.51,80.02,93.04,53.77,58.55,,,,,,
3,85.07,95.89,89.53,97.87,87.52,,,,,,
9,64.08,51.71,61.18,61.99,87.81,,,,,,
7,67.02,44.14,73.46,75.91,73.41,,,,,,
5,66.80,65.31,59.99,49.38,57.07,,,,,,
6,54.58,69.30,69.14,67.37,62.06,,,,,,
6,65.03,78.01,98.23,72.47,64.95,,,,,,
1,59.28,63.08,65.01,68.90,50.51,,,,,,
5,60.78,68.47,78.76,66.06,59.06,,,,,,
4,90.35,73.73,80.28,55.75,48.30,,,,,,
3,49.14,83.37,55.08,85.21,88.80,,,,,,
5,84.71,46.08,53.90,67.47,82.73,,,,,,
9,59.33,61.12,47.01,85.24,86.47,,,,,,
7,67.50,68.91,58.67,62.84,84.19,,,,,,
4,78.95,53.72,49.11,63.82,69.13,,,,,,
7,69.82,99.17,82.30,78.61,93.48,,,,,,
8,84.95,52.92,107.02,53.05,55.30,,,,,,
7,80.28,70.17,76.40,55.10,71.65,,,,,,
6,68.32,77.11,48.75,84.00,77.68,,,,,,
4,61.15,61.18,62.50,51.27,47.43,,,,,,
7,48.32,50.80,61.22,56.27,93.76,,,,,,
6,62.89,61.41,50.88,96.57,71.94,,,,,,
7,96.56,82.66,76.57,53.54,70.22,,,,,,
7,93.18,67.87,80.72,72.17,83.90,,,,,,
8,45.30,62.57,58.40,75.20,81.21,,,,,,
4,52.94,81.47,78.82,52.11,67.97,,,,,,
8,69.80,58.89,88.42,68.55,78.70,,,,,,
6,78.34,66.64,103.61,80.55,48.06,,,,,,
10,83.16,69.49,91.31,83.35,58.61,,,,,,
4,69.32,81.93,58.54,84.13,80.22,,,,,,
9,75.05,97.62,96.97,59.74,79.16,,,,,,
6,78.37,78.37,59.70,79.59,90.59,,,,,,
4,74.16,88.06,64.20,61.57,69.20,,,,,,
5,47.57,62.61,72.00,51.22,53.60,,,,,,
5,64.67,52.02,61.72,47.72,83.30,,,,,,
6,54.76,70.37,73.34,44.75,97.26,,,,,,
7,71.14,75.20,44.94,87.36,87.48,,,,,,
4,99.18,54.52,62.95,48.08,68.23,,,,,,
5,75.95,63.38,85.48,74.11,87.27,,,,,,
10,58.98,76.88,61.18,70.59,102.76,,,,,,
9,87.06,78.83,76.53,69.52,64.26,,,,,,
6,73.34,81.00,76.96,85.56,47.01,,,,,,
6,74.38,75.68,85.96,60.23,65.89,,,,,,
6,79.14,58.75,49.14,76.23,79.74,,,,,,
7,103.69,64.91,84.11,67.55,48.49,,,,,,
3,54.45,53.06,68.40,68.11,74.09,,,,,,
5,78.41,92.51,74.43,100.04,75.92,,,,,,
2,54.96,69.91,87.18,49.01,91.41,,,,,,
6,78.88,64.69,50.00,84.32,92.39,,,,,,
7,51.03,58.20,53.31,75.71,85.89,,,,,,
5,62.75,97.71,50.92,66.71,47.30,,,,,,
9,64.16,55.38,63.78,93.93,91.26,,,,,,
3,82.29,65.67,89.86,51.87,79.18,,,,,,
3,82.84,77.47,67.78,63.62,73.66,,,,,,
6,56.28,83.60,55.30,52.00,45.80,,,,,,
8,77.26,91.16,67.27,79.11,59.81,,,,,,
9,56.88,88.92,48.91,48.16,50.41,,,,,,
5,47.39,78.59,54.98,78.03,48.80,,,,,,
8,62.15,52.91,72.53,63.95,74.64,,,,,,
5,64.31,69.69,48.46,66.08,53.20,,,,,,
5,104.17,72.31,85.32,71.95,102.77,,,,,,
7,71.64,106.51,67.62,69.67,68.44,,,,,,
7,53.32,51.43,65.19,48.63,95.54,,,,,,
2,60.08,89.12,66.99,101.41,50.33,,,,,,
8,92.98,66.11,79.35,59.58,54.98,,,,,,
8,98.16,77.65,83.00,52.40,64.48,,,,,,
4,52.06,70.41,71.83,57.27,59.25,,,,,,
6,48.18,51.83,74.71,49.44,67.62,,,,,,
6,99.59,85.06,71.49,84.13,64.89,,,,,,
6,72.44,74.45,79.33,79.77,67.79,,,,,,
4,54.22,85.81,68.44,72.40,97.75,,,,,,
4,81.22,68.81,73.68,67.51,79.09,,,,,,
5,54.13,62.11,64.61,66.89,81.65,,,,,,
8,75.74,52.88,60.19,68.95,85.20,,,,,,
7,76.44,80.37,64.03,67.37,83.65,,,,,,
5,86.49,73.02,81.26,82.29,72.25,,,,,,
7,49.15,49.88,91.36,79.87,61.49,,,,,,
0,71.29,61.92,87.57,77.50,72.50,,,,,,
8,53.40,63.30,55.26,78.00,90.40,,,,,,
2,74.24,50.74,88.90,81.81,88.30,,,,,,
5,55.34,57.82,65.86,71.40,67.00,,,,,,
3,61.94,52.56,80.85,76.17,79.23,,,,,,
3,55.53,63.32,57.31,88.88,67.55,,,,,,
8,84.37,51.99,65.12,61.23,73.24,,,,,,
5,81.92,48.66,73.38,54.26,60.62,,,,,,
6,62.29,105.42,45.95,51.59,66.07,,,,,,
5,67.60,92.45,76.50,71.32,91.09,,,,,,
6,46.87,56.28,95.02,49.95,69.89,,,,,,
6,63.44,74.99,62.61,80.75,70.74,,,,,,
3,69.94,77.95,89.04,69.71,48.21,,,,,,
7,101.41,87.05,64.49,81.20,71.53,,,,,,
5,54.89,53.85,83.68,63.05,68.39,,,,,,
2,91.44,84.78,50.13,66.84,55.68,,,,,,
5,87.64,61.87,97.67,88.85,72.53,,,,,,
9,69.47,57.51,87.06,84.99,67.40,,,,,,
7,95.96,83.45,62.20,62.09,64.63,,,,,,
5,78.17,85.67,50.02,70.46,70.70,,,,,,
5,73.09,97.33,72.35,73.89,56.58,,,,,,
5,65.80,54.37,53.90,71.40,63.61,,,,,,
10,95.38,86.73,76.01,59.68,76.25,,,,,,
6,84.64,65.21,71.09,84.52,86.91,,,,,,
6,62.77,83.44,58.57,46.95,69.79,,,,,,
8,43.51,43.34,84.40,58.03,66.80,,,,,,
6,69.04,54.66,83.77,78.82,73.16,,,,,,
5,56.35,60.95,82.66,72.64,97.56,,,,,,
5,64.95,68.96,70.78,91.38,80.46,,,,,,
5,89.63,62.41,52.64,84.48,76.55,,,,,,
5,60.59,77.08,88.88,70.10,80.31,,,,,,
7,67.90,79.47,62.86,95.09,87.63,,,,,,
6,66.59,75.94,48.31,56.49,85.62,,,,,,
7,78.16,90.13,89.82,85.44,74.07,,,,,,
5,48.04,74.67,104.13,92.59,86.60,,,,,,
6,56.67,50.91,73.52,92.68,55.46,,,,,,
2,73.99,90.47,99.18,71.63,49.12,,,,,,
7,81.25,60.60,66.34,58.78,77.43,,,,,,
6,62.44,81.05,64.24,48.21,67.45,,,,,,
7,44.73,87.02,55.04,68.74,58.00,,,,,,
0,79.30,76.85,94.56,53.27,82.39,,,,,,
10,68.29,48.09,51.84,61.22,49.43,,,,,,
5,48.96,54.33,82.31,51.85,61.97,,,,,,
8,67.36,95.14,68.10,61.42,57.36,,,,,,
3,65.51,68.90,66.00,67.36,51.79,,,,,,
7,63.94,75.65,83.90,70.93,93.88,,,,,,
3,50.27,81.35,64.87,58.68,47.89,,,,,,
4,86.34,77.68,66.60,88.35,60.23,,,,,,
9,90.08,77.65,80.24,60.44,89.10,,,,,,
5,80.09,64.15,95.71,59.07,80.32,,,,,,
6,49.62,64.67,78.68,71.69,49.12,,,,,,
7,62.48,77.00,56.22,95.76,78.52,,,,,,
6,74.89,82.20,61.18,76.70,71.26,,,,,,
6,77.16,62.17,66.70,64.10,100.19,,,,,,
6,78.56,90.85,77.05,48.86,79.99,,,,,,
10,64.08,75.21,50.33,68.53,66.63,,,,,,
5,69.66,56.88,79.00,73.44,56.50,,,,,,
6,81.74,61.26,67.19,62.06,63.22,,,,,,
8,95.22,57.02,55.18,50.84,58.70,,,,,,
8,81.97,70.28,55.97,59.69,91.52,,,,,,
8,87.45,87.50,63.50,84.84,66.76,,,,,,
7,65.60,61.51,69.78,91.08,79.83,,,,,,
3,89.84,72.62,97.85,54.30,93.13,,,,,,
9,75.57,67.44,68.49,74.91,48.29,,,,,,
3,55.61,66.02,58.72,52.65,91.84,,,,,,
6,93.78,49.58,69.13,95.17,75.11,,,,,,
4,83.40,68.68,61.95,76.35,78.27,,,,,,
5,62.61,70.23,76.92,80.05,57.94,,,,,,
6,61.02,78.72,75.41,49.08,58.24,,,,,,
6,79.66,69.74,85.96,81.10,73.78,,,,,,
6,76.30,51.65,69.35,65.76,97.73,,,,,,
9,72.78,93.97,93.75,87.15,89.56,,,,,,
6,72.92,76.14,86.08,86.61,88.44,,,,,,
5,99.19,75.78,60.50,74.63,70.57,,,,,,
7,87.03,63.39,102.00,54.18,56.12,,,,,,
8,76.73,61.76,78.06,77.51,58.41,,,,,,
3,85.71,74.01,56.42,70.76,63.42,,,,,,
7,52.55,81.22,92.59,59.02,50.21,,,,,,
7,75.12,44.23,99.21,61.25,64.11,,,,,,
5,100.21,65.02,67.81,46.10,65.91,,,,,,
8,64.61,66.93,69.96,63.85,61.41,,,,,,
5,60.05,71.00,70.37,87.19,68.50,,,,,,
6,64.85,85.98,77.20,67.79,71.55,,,,,,
5,54.80,56.39,84.57,62.18,71.46,,,,,,
6,60.66,62.84,73.96,83.17,60.00,,,,,,
3,66.16,59.79,70.09,55.78,51.31,,,,,,
3,51.46,56.53,90.83,70.47,60.97,,,,,,
9,68.52,69.91,65.85,69.60,57.50,,,,,,
4,80.57,79.13,87.83,81.48,78.78,,,,,,
4,55.79,52.58,67.11,52.16,83.93,,,,,,
1,93.03,76.35,76.07,57.03,84.13,,,,,,
4,77.29,50.13,67.55,48.26,78.29,,,,,,
3,86.63,62.82,69.20,68.39,67.58,,,,,,
9,57.76,64.19,69.48,94.98,62.93,,,,,,
8,84.71,99.19,94.93,55.81,58.26,,,,,,
4,51.35,66.74,61.98,64.30,52.90,,,,,,
10,88.09,42.65,59.07,75.67,92.61,,,,,,
7,73.21,45.21,102.71,79.45,71.86,,,,,,
5,75.72,69.96,81.29,66.70,50.22,,,,,,
1,52.37,79.21,50.00,80.27,57.60,,,,,,
10,61.34,80.30,56.71,59.97,54.99,,,,,,
3,78.88,72.87,49.70,91.61,69.46,,,,,,
2,54.80,87.05,56.20,101.65,85.47,,,,,,
8,83.53,57.27,46.58,80.80,58.73,,,,,,
10,54.25,78.03,59.10,48.38,46.68,,,,,,
8,89.83,51.17,45.26,64.72,66.55,,,,,,
7,50.62,55.49,65.04,85.31,73.24,,,,,,
7,77.98,50.18,43.91,66.28,64.32,,,,,,
7,84.72,61.46,66.02,92.59,65.99,,,,,,
7,59.87,71.43,60.38,84.54,69.73,,,,,,
6,81.04,75.63,89.43,55.10,67.55,,,,,,
6,71.33,68.41,96.24,72.62,69.83,,,,,,
5,61.40,56.00,79.89,60.01,77.87,,,,,,
4,52.24,70.47,62.50,70.43,60.37,,,,,,
5,47.39,48.52,100.19,59.12,60.23,,,,,,
2,73.63,90.76,51.16,87.63,90.56,,,,,,
5,45.57,61.51,51.71,101.73,76.77,,,,,,
4,74.32,63.31,67.51,48.47,83.69,,,,,,
3,64.61,91.54,100.34,50.56,88.45,,,,,,
6,81.94,56.29,69.27,63.72,74.25,,,,,,
8,70.75,56.47,70.80,47.41,90.07,,,,,,
7,65.75,57.50,52.28,69.89,47.17,,,,,,
2,79.69,69.74,85.57,81.34,73.92,,,,,,
4,76.40,77.02,86.53,92.11,68.95,,,,,,
7,76.12,80.41,82.92,72.93,101.54,,,,,,
4,78.44,102.18,60.14,65.88,83.91,,,,,,
5,52.46,54.16,60.69,46.90,61.60,,,,,,
7,87.15,79.12,54.49,64.87,73.58,,,,,,
4,79.64,64.29,68.23,69.21,73.61,,,,,,
6,53.10,62.07,58.92,80.44,76.43,,,,,,
3,67.03,60.88,50.86,60.71,54.43,,,,,,
4,66.13,56.02,63.42,60.96,78.10,,,,,,
6,72.46,91.99,66.86,45.58,61.50,,,,,,
2,73.63,80.83,60.93,50.90,75.62,,,,,,
6,89.45,67.31,76.72,51.08,63.28,,,,,,
5,89.36,90.36,67.54,54.48,61.29,,,,,,
7,51.50,48.53,64.40,77.67,87.49,,,,,,
6,78.17,49.48,69.23,60.34,52.72,,,,,,
8,89.52,57.43,53.02,58.67,62.97,,,,,,
6,79.53,57.94,70.25,55.48,65.14,,,,,,
5,85.04,72.03,76.34,46.51,59.17,,,,,,
6,103.88,67.70,55.19,88.61,58.63,,,,,,
7,80.34,66.74,80.25,51.05,76.86,,,,,,
6,76.56,52.81,59.08,66.61,52.86,,,,,,
6,89.21,82.77,66.80,50.14,56.34,,,,,,
4,69.88,75.47,84.09,81.06,97.24,,,,,,
4,69.85,78.42,80.98,73.43,75.96,,,,,,
3,63.26,50.32,72.56,57.27,57.22,,,,,,
9,96.96,70.48,72.06,64.30,82.75,,,,,,
3,57.90,50.82,82.67,93.74,79.76,,,,,,
4,93.96,60.51,77.67,69.28,86.78,,,,,,
4,75.34,75.38,58.88,70.69,69.18,,,,,,
7,46.09,68.78,58.29,50.09,84.74,,,,,,
5,71.47,53.85,50.61,48.09,46.91,,,,,,
8,47.33,77.38,68.14,63.75,51.60,,,,,,
4,79.82,48.60,70.63,73.05,69.81,,,,,,
6,87.26,83.14,84.93,85.15,77.44,,,,,,
4,62.23,64.92,78.20,52.12,54.06,,,,,,
10,70.65,88.41,92.93,60.79,77.65,,,,,,
3,101.69,59.81,59.21,59.73,61.65,,,,,,
6,64.88,66.22,90.33,70.43,65.39,,,,,,
7,59.51,64.32,66.05,69.54,80.80,,,,,,
6,92.55,80.19,79.22,68.43,81.48,,,,,,
5,97.21,58.90,48.52,75.51,53.38,,,,,,
5,65.82,75.14,77.66,53.53,56.04,,,,,,
6,87.47,65.69,46.59,83.89,59.90,,,,,,
5,86.56,49.19,61.68,75.57,72.70,,,,,,
7,56.13,58.26,75.97,69.30,63.75,,,,,,
10,63.33,46.79,67.86,98.98,79.70,,,,,,
4,88.96,71.71,56.35,90.50,76.91,,,,,,
3,95.73,51.77,84.59,82.13,76.85,,,,,,
5,75.22,80.80,68.77,53.94,53.40,,,,,,
10,54.40,72.42,54.66,94.39,81.29,,,,,,
4,100.60,67.78,71.23,84.35,47.68,,,,,,
9,69.81,85.78,104.61,92.68,78.15,,,,,,
9,68.78,78.07,80.51,89.01,81.77,,,,,,
4,78.43,71.92,84.89,93.98,65.80,,,,,,
7,96.53,60.56,70.55,87.61,92.01,,,,,,
9,84.32,43.64,74.04,83.59,76.08,,,,,,
5,73.61,61.36,53.28,97.71,67.19,,,,,,
5,78.48,60.20,61.38,72.39,70.61,,,,,,
4,71.60,75.02,66.49,52.81,101.53,,,,,,
3,78.98,62.69,47.40,68.00,88.86,,,,,,
4,49.92,81.38,55.62,79.50,79.29,,,,,,
3,65.70,60.20,51.60,73.47,56.55,,,,,,
6,71.94,73.77,67.54,46.29,68.12,,,,,,
4,52.87,86.58,85.56,46.87,58.79,,,,,,
6,72.49,80.18,84.28,55.03,80.42,,,,,,
2,68.09,70.62,77.69,81.55,72.61,,,,,,
6,92.77,58.37,59.86,97.44,56.91,,,,,,
7,88.06,64.55,53.44,88.98,66.83,,,,,,
2,62.88,58.24,50.13,85.23,58.13,,,,,,
6,69.56,59.04,46.60,70.16,72.62,,,,,,
8,67.96,80.39,57.14,56.22,63.42,,,,,,
3,62.07,66.78,66.86,62.98,68.90,,,,,,
9,73.90,46.58,59.66,59.50,83.00,,,,,,
6,56.84,90.86,78.10,62.05,68.08,,,,,,
4,56.15,72.79,69.46,69.93,66.11,,,,,,
5,83.47,47.87,65.41,77.38,74.08,,,,,,
7,79.47,62.68,90.89,82.04,80.39,,,,,,
6,56.16,68.27,56.81,60.85,57.65,,,,,,
7,86.31,100.11,79.80,56.00,72.42,,,,,,
4,57.60,54.67,67.45,63.03,87.99,,,,,,
6,73.53,80.21,60.53,70.37,79.76,,,,,,
3,81.59,91.64,81.20,90.32,71.41,,,,,,
5,73.51,62.04,84.42,58.19,79.01,,,,,,
4,73.71,68.75,56.63,75.70,76.70,,,,,,
4,62.63,50.95,70.70,76.53,84.55,,,,,,
8,70.65,63.18,72.69,67.08,53.48,,,,,,
8,66.70,75.60,63.49,88.26,44.41,,,,,,
7,53.65,85.27,80.32,57.25,81.49,,,,,,
3,70.01,87.59,76.05,58.74,52.68,,,,,,
5,50.16,61.10,101.30,69.97,78.00,,,,,,
8,64.33,43.93,54.50,55.89,70.88,,,,,,
6,62.94,69.83,67.39,80.34,52.98,,,,,,
10,65.84,69.23,58.97,62.02,79.91,,,,,,
6,65.56,70.05,83.19,78.30,75.49,,,,,,
6,64.50,68.44,49.90,71.54,97.79,,,,,,
5,73.74,68.67,72.71,70.43,61.07,,,,,,
6,86.67,92.40,57.07,66.27,92.94,,,,,,
5,57.81,79.84,54.29,66.24,75.11,,,,,,
7,48.04,60.37,52.80,73.61,64.28,,,,,,
7,54.44,69.11,57.65,77.63,86.59,,,,,,
4,64.53,70.84,84.51,70.44,80.89,,,,,,
3,62.67,94.81,68.68,95.42,71.96,,,,,,
2,58.65,66.37,79.58,55.50,73.96,,,,,,
7,45.98,67.49,93.74,66.61,59.62,,,,,,
3,60.57,62.34,74.93,48.23,59.46,,,,,,
1,72.10,86.22,61.00,75.74,81.38,,,,,,
6,82.79,96.86,72.66,50.20,63.71,,,,,,
10,54.01,86.19,61.82,57.44,68.95,,,,,,
5,59.27,67.78,60.81,59.44,70.62,,,,,,
7,55.27,73.67,47.27,75.66,76.54,,,,,,
6,73.08,44.84,79.42,60.28,48.31,,,,,,
5,54.99,82.10,68.01,63.49,87.00,,,,,,
7,77.53,77.70,75.35,89.83,78.06,,,,,,
5,45.93,74.55,51.12,74.14,69.41,,,,,,
6,64.04,55.85,71.72,60.56,79.64,,,,,,
6,75.39,65.95,63.93,67.94,74.94,,,,,,
4,73.28,65.39,69.20,93.63,83.99,,,,,,
7,97.66,87.95,82.01,72.95,81.69,,,,,,
5,73.53,62.64,83.74,63.72,81.69,,,,,,
4,52.19,98.27,71.46,62.15,93.48,,,,,,
7,66.95,82.00,53.40,66.87,79.51,,,,,,
4,47.43,53.58,99.86,60.76,70.43,,,,,,
6,71.49,67.64,95.48,51.17,52.16,,,,,,
5,62.15,63.67,75.97,55.55,95.30,,,,,,
8,90.47,49.32,64.82,60.37,61.02,,,,,,
6,66.10,93.09,69.53,83.52,63.38,,,,,,
5,69.25,77.15,58.91,66.42,51.10,,,,,,
7,63.13,77.02,94.53,73.50,81.68,,,,,,
8,92.74,73.06,80.39,86.69,79.63,,,,,,
7,66.78,44.16,64.22,93.50,55.70,,,,,,
6,97.04,62.18,66.69,67.75,75.28,,,,,,
3,82.13,83.96,89.18,61.45,64.86,,,,,,
3,78.71,55.27,92.54,56.03,99.74,,,,,,
5,73.62,51.19,95.93,82.90,64.55,,,,,,
4,74.53,69.69,83.80,69.96,61.33,,,,,,
5,53.93,63.41,63.72,61.60,56.93,,,,,,
6,61.28,72.62,45.89,59.08,93.93,,,,,,
7,82.50,84.41,80.27,57.15,69.83,,,,,,
5,73.28,79.97,67.99,79.56,60.91,,,,,,
6,51.32,71.78,76.53,50.02,84.16,,,,,,
6,69.69,84.20,65.72,82.14,46.68,,,,,,
2,95.04,50.81,49.10,61.74,79.84,,,,,,
4,87.72,77.39,78.15,68.72,97.46,,,,,,
5,72.39,82.96,77.02,46.01,74.65,,,,,,
3,84.58,51.85,81.21,70.35,77.57,,,,,,
7,64.69,52.16,85.01,70.42,78.20,,,,,,
9,43.54,63.72,72.25,74.90,99.26,,,,,,
8,48.93,62.44,58.83,85.64,82.82,,,,,,
5,97.68,80.37,67.91,77.18,76.30,,,,,,
8,63.93,61.00,66.35,61.25,81.28,,,,,,
6,67.44,60.37,74.71,55.75,57.25,,,,,,
5,61.87,59.73,84.25,74.71,83.43,,,,,,
4,99.94,85.94,76.59,87.00,56.31,,,,,,
5,98.19,66.64,99.86,77.20,64.63,,,,,,
5,100.64,70.81,96.54,76.29,49.70,,,,,,
6,63.62,63.98,67.23,76.30,74.93,,,,,,
6,75.30,90.96,47.23,94.02,64.19,,,,,,
6,52.67,57.89,92.15,50.86,84.97,,,,,,
6,91.05,88.62,66.88,83.33,73.03,,,,,,
8,58.09,75.81,62.79,88.39,90.45,,,,,,
7,75.30,61.62,61.73,43.80,51.81,,,,,,
3,55.16,100.38,62.38,58.31,86.98,,,,,,
0,61.17,54.17,79.18,57.24,100.00,,,,,,
7,52.38,69.20,53.05,59.80,84.24,,,,,,
3,60.02,50.02,56.07,63.43,79.79,,,,,,
5,59.20,87.90,71.79,70.62,71.50,,,,,,
3,63.95,96.17,76.95,85.52,61.30,,,,,,
2,83.23,96.12,80.17,86.19,82.30,,,,,,
7,55.57,88.18,62.24,52.05,55.68,,,,,,
7,70.71,67.58,59.84,63.03,63.22,,,,,,
4,85.84,67.75,63.77,90.40,52.50,,,,,,
0,62.30,50.00,73.60,79.70,59.45,,,,,,
4,59.03,99.59,92.37,71.44,83.28,,,,,,
6,63.37,74.43,54.79,80.97,81.18,,,,,,
3,88.17,62.18,68.60,67.65,69.04,,,,,,
6,67.98,88.72,53.74,75.38,74.85,,,,,,
5,60.30,53.29,48.11,64.66,50.35,,,,,,
7,76.87,73.25,80.76,68.82,58.46,,,,,,
6,49.78,71.19,78.67,52.16,57.17,,,,,,
4,83.18,76.95,76.45,59.03,62.69,,,,,,
8,71.83,71.67,89.40,56.48,85.29,,,,,,
5,61.92,46.94,59.06,59.73,59.89,,,,,,
5,54.49,69.60,61.11,58.28,65.69,,,,,,
4,58.39,82.99,101.58,64.09,51.92,,,,,,
5,77.41,67.67,62.97,49.14,61.56,,,,,,
4,88.86,83.36,79.87,78.65,52.31,,,,,,
5,55.98,57.90,69.05,66.23,66.82,,,,,,
9,69.03,64.91,52.07,52.06,48.90,,,,,,
3,49.76,60.47,48.46,55.28,70.30,,,,,,
2,62.35,81.10,62.59,75.01,67.84,,,,,,
8,75.65,76.41,85.01,64.15,100.60,,,,,,
5,52.57,82.76,85.65,63.38,80.77,,,,,,
4,56.23,86.41,83.48,68.01,50.85,,,,,,
8,65.83,82.79,52.01,78.91,57.09,,,,,,
4,73.53,76.73,91.52,50.74,70.83,,,,,,
9,72.89,46.54,46.94,85.64,62.78,,,,,,
7,45.34,68.72,73.60,56.70,49.42,,,,,,
5,53.50,65.28,66.68,68.28,88.45,,,,,,
10,65.58,69.32,65.37,76.68,88.56,,,,,,
4,80.21,64.71,90.76,58.68,76.97,,,,,,
7,52.29,55.69,56.51,49.93,60.93,,,,,,
6,60.97,48.30,46.36,61.04,74.50,,,,,,
8,68.77,60.29,74.48,99.60,61.91,,,,,,
9,87.18,75.43,71.26,42.05,81.12,,,,,,
6,62.52,49.17,95.95,99.05,51.39,,,,,,
4,77.15,71.73,77.74,65.76,95.54,,,,,,
6,75.26,102.78,69.31,64.66,44.13,,,,,,
4,53.13,82.83,50.79,52.98,87.49,,,,,,
10,76.19,93.78,58.62,52.78,64.60,,,,,,
6,76.37,74.90,49.40,63.77,65.37,,,,,,
5,79.66,89.11,74.91,55.85,68.67,,,,,,
6,95.32,56.45,89.34,66.73,81.57,,,,,,
3,49.48,60.98,88.85,61.78,89.56,,,,,,
4,94.54,52.31,72.32,98.72,72.46,,,,,,
8,62.79,86.58,67.44,57.57,60.66,,,,,,
4,77.87,96.14,70.94,73.16,68.75,,,,,,
3,70.15,64.57,60.72,75.64,95.65,,,,,,
7,66.28,61.41,99.10,50.31,87.48,,,,,,
8,68.48,54.76,67.59,86.04,84.91,,,,,,
7,73.36,81.54,74.22,61.74,83.99,,,,,,
7,54.22,93.28,49.00,43.20,73.75,,,,,,
4,80.80,47.19,69.65,82.29,85.58,,,,,,
3,65.35,74.05,82.33,55.15,62.85,,,,,,
9,47.94,60.43,61.65,56.77,47.31,,,,,,
5,67.15,76.02,62.74,77.98,74.38,,,,,,
5,86.33,74.01,80.35,62.56,60.32,,,,,,
8,59.31,67.22,55.91,83.26,56.10,,,,,,
7,78.51,72.71,90.12,93.02,57.22,,,,,,
6,57.78,61.12,58.60,56.18,102.37,,,,,,
10,83.39,86.50,66.49,87.98,78.45,,,,,,
4,79.87,74.63,49.97,57.12,76.13,,,,,,
7,101.05,78.28,80.29,104.23,55.56,,,,,,
6,64.59,48.72,96.67,63.90,52.55,,,,,,
6,75.14,66.39,76.97,84.59,58.51,,,,,,
9,68.25,86.29,55.43,80.48,88.55,,,,,,
7,89.13,67.21,87.96,78.38,77.97,,,,,,
7,55.18,74.24,69.56,60.30,75.42,,,,,,
8,79.10,95.20,97.39,70.36,85.07,,,,,,
5,66.23,83.78,81.58,51.05,63.73,,,,,,
4,66.10,73.45,47.08,71.06,92.96,,,,,,
3,71.86,64.08,56.39,77.25,60.35,,,,,,
2,74.60,49.91,84.30,71.35,90.44,,,,,,
10,61.91,69.42,71.33,57.88,69.34,,,,,,
3,73.77,65.69,53.58,49.62,51.36,,,,,,
5,95.17,78.84,60.52,60.91,62.30,,,,,,
5,84.06,67.02,48.57,72.46,51.34,,,,,,
6,85.30,62.67,71.56,72.29,83.45,,,,,,
7,61.98,46.88,100.58,64.93,75.40,,,,,,
7,56.72,56.39,87.14,82.86,56.57,,,,,,
4,80.55,76.76,100.33,55.04,75.13,,,,,,
5,84.93,95.18,80.79,82.73,62.83,,,,,,
6,93.89,63.99,89.32,74.98,53.09,,,,,,
5,56.78,76.89,100.13,77.39,97.30,,,,,,
9,64.39,79.58,70.84,71.43,79.29,,,,,,
6,55.73,54.21,68.67,93.29,60.99,,,,,,
7,63.09,74.37,83.65,76.11,65.05,,,,,,
7,84.97,55.45,96.16,55.26,52.43,,,,,,
8,69.03,84.20,62.11,71.60,56.16,,,,,,
6,81.94,70.89,61.60,79.38,93.29,,,,,,
3,67.54,74.23,70.14,62.08,65.19,,,,,,
6,78.32,58.69,81.27,83.04,70.47,,,,,,
4,55.48,78.41,85.54,77.28,52.45,,,,,,
4,70.94,97.29,52.43,53.43,49.66,,,,,,
7,49.69,59.58,94.48,75.30,78.19,,,,,,
8,65.49,63.91,57.06,65.58,71.98,,,,,,
6,54.71,72.59,64.31,73.71,99.51,,,,,,
6,90.31,76.58,58.15,88.26,95.60,,,,,,
9,74.66,61.57,104.32,69.32,62.44,,,,,,
6,80.98,50.59,76.37,96.24,72.23,,,,,,
10,92.43,91.56,57.43,76.90,71.56,,,,,,
7,50.48,83.95,86.77,80.54,101.47,,,,,,
2,96.36,49.05,81.35,82.74,88.59,,,,,,
7,82.90,57.66,62.29,67.83,69.32,,,,,,
6,70.81,97.10,83.35,76.61,68.06,,,,,,
8,82.55,98.50,64.48,65.59,91.56,,,,,,
7,57.55,79.46,66.33,57.76,73.43,,,,,,
5,58.18,67.34,50.74,52.21,91.13,,,,,,
3,58.60,69.79,50.89,71.19,48.09,,,,,,
5,66.39,64.00,101.06,78.20,74.39,,,,,,
4,54.23,85.77,94.15,85.43,59.67,,,,,,
4,86.74,54.13,69.69,81.98,99.83,,,,,,
7,65.74,60.51,100.84,66.93,90.46,,,,,,
9,81.26,85.72,73.66,51.62,69.56,,,,,,
6,59.19,65.21,64.30,74.65,97.65,,,,,,
3,48.40,88.12,70.66,86.49,97.67,,,,,,
6,69.68,63.56,67.13,79.11,72.51,,,,,,
8,47.01,64.39,61.58,85.35,103.04,,,,,,
4,71.09,56.97,90.61,65.75,72.02,,,,,,
5,49.73,68.57,71.35,63.63,70.36,,,,,,
6,97.07,50.86,84.46,56.31,84.42,,,,,,
4,81.38,61.42,83.34,72.51,67.37,,,,,,
7,69.48,44.80,76.43,68.83,71.73,,,,,,
5,93.14,77.77,50.92,70.19,89.02,,,,,,
6,55.47,77.11,53.09,67.79,74.73,,,,,,
4,81.30,49.54,72.75,70.36,50.27,,,,,,
5,72.88,91.31,68.47,54.40,78.86,,,,,,
7,69.82,96.96,65.53,86.44,53.63,,,,,,
5,92.41,66.54,67.30,71.56,82.11,,,,,,
9,80.32,60.70,92.80,61.80,88.01,,,,,,
5,76.09,100.89,48.27,61.46,89.97,,,,,,
6,55.27,55.26,51.39,48.59,88.43,,,,,,
7,49.42,71.53,75.89,86.79,92.59,,,,,,
3,66.41,72.57,64.84,79.74,61.62,,,,,,
2,72.05,90.39,74.89,50.41,82.25,,,,,,
2,52.20,77.06,77.87,83.00,100.10,,,,,,
8,95.25,67.46,85.42,85.79,65.23,,,,,,
4,89.16,54.35,47.17,73.74,99.15,,,,,,
10,69.47,59.62,68.63,100.70,64.36,,,,,,
4,73.21,53.06,77.33,69.80,60.95,,,,,,
6,62.89,70.76,78.19,52.96,76.44,,,,,,
9,55.20,65.48,94.78,77.32,88.43,,,,,,
10,73.07,50.06,91.06,65.91,75.70,,,,,,
10,72.56,80.94,73.58,61.11,48.99,,,,,,
8,44.36,65.85,59.01,72.41,75.80,,,,,,
8,79.01,55.29,60.22,53.33,58.09,,,,,,
7,61.62,64.87,58.17,85.43,53.50,,,,,,
