Fecha,Indice_Produccion_Industrial,Tasa_Desempleo,Consumo_Hogares,Inflacion,Tasa_Interes,PIB_Per_Capita,Sector_Economico_Dominante,Recesion
2000-01-31 00:00:00,102.9288102,5.862284956,1092.880271,2.787173281,8.303666236,54052.93752,Industria,0
2000-02-29 00:00:00,112.911362,6.238209183,510.0636957,4.347961461,5.284755874,29422.68802,Tecnología,0
2000-03-31 00:00:00,106.1658026,7.149822654,975.8261959,1.887296122,5.70840391,50327.3388,Tecnología,1
2000-04-30 00:00:00,102.692991,8.503570138,1208.770391,2.975781023,3.254685278,45353.00453,Industria,0
2000-05-31 00:00:00,95.41928796,6.001044795,543.975432,4.718474958,6.445387151,58205.04138,Agricultura,1
2000-06-30 00:00:00,108.7536468,9.5449526,1379.521483,3.668858827,3.726143278,30409.86309,Industria,0
2000-07-31 00:00:00,96.25523268,9.173911281,1020.081417,4.192316079,6.195556131,26171.11111,Servicios,0
2000-08-31 00:00:00,123.50638,4.292141776,530.6610483,3.203975881,2.52710304,32484.84061,Tecnología,0
2000-09-30 00:00:00,127.8197656,5.521855146,724.4136119,4.921865835,2.435221831,30318.35113,Servicios,0
2000-10-31 00:00:00,93.00649113,6.676813076,1453.675696,3.354648619,4.753267671,50273.31042,Agricultura,0
2000-11-30 00:00:00,117.5035023,4.627767332,1082.319733,1.182042856,4.841375636,49324.37215,Industria,1
2000-12-31 00:00:00,101.7336952,6.090855934,607.4725678,1.7919312,3.412983384,46787.39603,Servicios,0
2001-01-31 00:00:00,104.0826737,8.440585154,787.5445023,2.619094516,2.184371653,28655.16458,Servicios,1
2001-02-28 00:00:00,125.5357983,8.083086887,956.7036259,3.40510869,1.352894853,54472.2723,Industria,1
2001-03-31 00:00:00,74.26216349,7.734306571,520.9500693,4.08772347,1.227086446,58262.86223,Servicios,0
2001-04-30 00:00:00,75.22775798,8.263170416,911.6155136,2.652344504,3.44395261,41264.23272,Servicios,1
2001-05-31 00:00:00,71.21310385,5.229542122,989.4586354,3.84023322,5.156680979,45974.90923,Tecnología,0
2001-06-30 00:00:00,119.9571907,6.050188689,743.6778753,4.159478012,7.536189532,40027.68396,Industria,0
2001-07-31 00:00:00,116.6894051,8.057454894,1088.639,2.269040789,5.273845306,31342.3086,Tecnología,1
2001-08-31 00:00:00,122.2007289,9.275408578,1253.24012,4.91708096,9.136457375,31445.90416,Tecnología,1
2001-09-30 00:00:00,128.7171005,7.262068323,735.8342241,3.598625981,1.316978241,32536.82091,Industria,0
2001-10-31 00:00:00,117.9495139,5.696197906,1120.4999,4.523992243,2.625945594,27634.00017,Servicios,0
2001-11-30 00:00:00,97.68876174,4.181411548,1139.622243,3.223750755,4.046630435,56076.94531,Industria,0
2001-12-31 00:00:00,116.8317506,8.262020974,1448.540301,3.966412429,6.197465693,54335.92536,Industria,1
2002-01-31 00:00:00,77.09646555,4.047304621,1278.276167,4.082176246,8.674625421,38465.57445,Industria,0
2002-02-28 00:00:00,108.3952613,6.236074419,1348.34527,4.632993517,4.151817568,34690.0565,Industria,0
2002-03-31 00:00:00,78.60119724,7.183223287,990.4199084,1.601399027,3.411898143,57563.13426,Servicios,0
2002-04-30 00:00:00,126.680135,9.532668771,685.348587,3.233133697,1.55700252,28894.93877,Tecnología,0
2002-05-31 00:00:00,101.3108993,4.53696727,1495.815293,2.713514052,8.391731299,42141.67838,Servicios,0
2002-06-30 00:00:00,94.8797164,6.435653932,629.355761,4.692636085,4.416997989,22179.92622,Agricultura,0
2002-07-31 00:00:00,85.87333673,4.145879198,971.4573194,1.420378777,6.143951759,27648.08788,Tecnología,0
2002-08-31 00:00:00,116.4540214,6.055665906,568.0930992,4.930295555,9.851998764,44161.07733,Industria,0
2002-09-30 00:00:00,97.36901993,7.733386353,1443.850857,4.501805296,1.014351135,46487.34611,Servicios,0
2002-10-31 00:00:00,104.1060369,5.674407689,1464.924941,1.295305126,2.309051266,43239.83275,Industria,0
2002-11-30 00:00:00,71.12738803,5.258499698,1219.389062,2.963865542,8.011998946,54784.05664,Industria,0
2002-12-31 00:00:00,107.0581298,4.6942194,849.9928436,3.870238001,8.246147367,59736.20883,Industria,0
2003-01-31 00:00:00,106.7257434,7.462841464,754.3824011,3.952606183,7.923224071,50554.47369,Servicios,1
2003-02-28 00:00:00,107.0160398,8.171620035,765.3033245,4.625976501,5.832990019,38603.67137,Agricultura,0
2003-03-31 00:00:00,126.6248847,8.031742844,627.2940254,4.199461742,9.809712829,53357.38678,Industria,0
2003-04-30 00:00:00,110.9092179,9.693166124,1025.808953,2.243721521,4.56566104,24815.49577,Tecnología,1
2003-05-31 00:00:00,91.57047403,4.016219283,641.8172757,2.993739143,6.417493283,47330.82786,Agricultura,0
2003-06-30 00:00:00,96.22191723,7.883179923,816.7306666,3.807143052,1.570321041,40733.5115,Industria,0
2003-07-31 00:00:00,111.8578718,7.602353423,1126.706476,1.553747365,4.688717049,27122.63545,Servicios,0
2003-08-31 00:00:00,73.6135283,7.53243766,1227.54361,1.77596319,7.502500788,58917.34469,Agricultura,0
2003-09-30 00:00:00,110.0060029,9.776621919,524.2727046,2.924169792,3.148649567,33537.49679,Servicios,1
2003-10-31 00:00:00,110.2382722,4.10123004,930.1159844,2.192983195,9.494448302,44616.93624,Industria,0
2003-11-30 00:00:00,82.62295366,8.178894584,1152.124595,4.450236999,7.181050309,55143.7695,Tecnología,0
2003-12-31 00:00:00,77.73557786,8.882071898,1353.245976,3.345109286,3.588178446,40267.55376,Industria,1
2004-01-31 00:00:00,88.92570106,7.05884318,975.3247822,2.394660791,7.920990304,24605.51401,Servicios,0
2004-02-29 00:00:00,91.82264626,6.003789218,1469.205872,4.395332102,1.748482946,52749.56337,Industria,0
2004-03-31 00:00:00,104.2118062,8.745040979,765.6325475,4.219513794,9.772969803,34128.55068,Industria,0
2004-04-30 00:00:00,96.31609081,4.583457554,513.5087066,4.993419508,1.443567332,59322.67476,Agricultura,0
2004-05-31 00:00:00,129.3024303,6.652213826,983.7528647,4.389230753,9.40110302,55353.01786,Servicios,0
2004-06-30 00:00:00,76.12268864,7.119714247,756.113795,2.657826139,3.2756849,54137.97333,Agricultura,1
2004-07-31 00:00:00,82.53260537,8.163738466,1323.717672,1.509995527,7.820416969,34250.1271,Servicios,0
2004-08-31 00:00:00,79.67857107,4.545314392,732.7726722,4.362563633,1.000663295,50285.19111,Servicios,0
2004-09-30 00:00:00,109.1864995,5.366557009,810.6292183,1.239031672,3.288160803,59453.16252,Servicios,0
2004-10-31 00:00:00,85.19749615,6.461809376,1291.227431,2.401084829,7.74190546,41052.86448,Agricultura,0
2004-11-30 00:00:00,97.97864637,7.739768038,1215.143252,4.678951923,5.791024638,38829.2862,Agricultura,0
2004-12-31 00:00:00,84.66553552,9.321764687,1058.051237,4.843065894,2.034569347,20586.63284,Agricultura,0
2005-01-31 00:00:00,79.53817502,7.712957009,1204.948062,3.562258374,4.542667713,48008.15075,Tecnología,0
2005-02-28 00:00:00,76.62250847,4.800768826,918.6368636,3.754593268,4.379944196,54339.10274,Industria,0
2005-03-31 00:00:00,109.3797754,9.883480797,505.3100476,1.169817955,6.113460198,29898.28744,Servicios,1
2005-04-30 00:00:00,78.29097708,9.230714409,511.3551285,3.057921364,7.011793652,32600.98308,Servicios,0
2005-05-31 00:00:00,81.7949417,7.016324567,1011.221788,3.187472715,8.567472182,40027.08085,Industria,1
2005-06-30 00:00:00,92.12351024,9.534087891,583.2909797,2.360402984,5.475082573,22883.20629,Tecnología,0
2005-07-31 00:00:00,119.2595938,7.248284763,551.0754802,1.274387339,4.528195456,23585.69904,Servicios,0
2005-08-31 00:00:00,75.82607655,9.539836407,1465.516639,1.915630399,2.295788807,36844.43036,Servicios,0
2005-09-30 00:00:00,120.2766944,8.979384212,1359.00264,2.431935747,8.243406685,30448.75811,Agricultura,0
2005-10-31 00:00:00,75.76590447,9.809718462,652.0272272,2.740567946,7.420333649,36241.4921,Tecnología,0
2005-11-30 00:00:00,128.5875679,9.518696865,500.6642186,3.363706902,4.678096577,38175.45192,Agricultura,0
2005-12-31 00:00:00,98.1190721,4.216202905,1441.667795,3.889566075,5.665890789,59050.93587,Tecnología,0
2006-01-31 00:00:00,128.6056653,5.048632025,778.3252983,2.270527493,6.9866456,57770.3928,Servicios,1
2006-02-28 00:00:00,106.2907312,6.334808063,685.8976029,2.31581504,2.483250309,25589.20606,Agricultura,0
2006-03-31 00:00:00,114.3558148,9.712856184,1191.508108,1.078766571,1.24478015,55303.43895,Servicios,0
2006-04-30 00:00:00,72.35126754,5.800173517,608.9037388,1.16349944,3.857533293,23208.26649,Servicios,1
2006-05-31 00:00:00,86.96841775,4.962805863,764.649598,2.031286777,6.360265177,40305.41879,Agricultura,0
2006-06-30 00:00:00,77.21179367,9.317827997,1475.09468,3.960979991,5.379454822,26556.396,Industria,0
2006-07-31 00:00:00,87.76841185,6.678366493,1139.462774,3.513255321,7.232991642,34635.68581,Servicios,0
2006-08-31 00:00:00,77.12366314,9.447253566,1020.677791,4.079156083,8.37720825,49733.60903,Tecnología,0
2006-09-30 00:00:00,89.07899076,4.961382798,897.9186148,4.075677745,5.395982201,36980.21917,Tecnología,1
2006-10-31 00:00:00,94.85577967,7.966705069,1274.500955,4.426269871,2.208403213,52278.0515,Tecnología,1
2006-11-30 00:00:00,73.84884978,6.641582517,640.9574765,3.881277064,8.655651998,48752.62844,Servicios,0
2006-12-31 00:00:00,111.5483272,4.458920614,1467.337802,4.916043676,6.174912945,57713.57785,Servicios,0
2007-01-31 00:00:00,103.9960873,8.178778868,1361.123008,4.595300877,7.659437327,41366.24082,Agricultura,0
2007-02-28 00:00:00,85.92336946,5.484392533,1117.656983,3.346868665,7.341981882,52085.91816,Tecnología,0
2007-03-31 00:00:00,101.3948832,4.237693135,542.9061904,3.352630682,9.713905942,32916.28425,Industria,1
2007-04-30 00:00:00,75.63643065,4.359665789,1200.855649,1.137068161,3.657765901,33829.8338,Agricultura,0
2007-05-31 00:00:00,104.5567897,4.366471222,1413.284341,4.994106311,7.347760955,36020.41854,Servicios,0
2007-06-30 00:00:00,125.7577719,9.446397745,1024.577067,1.526303989,4.291086998,36436.62937,Agricultura,0
2007-07-31 00:00:00,89.11413715,8.439303507,854.2248218,3.961388787,4.558696488,24130.12883,Tecnología,1
2007-08-31 00:00:00,110.0446228,9.388374143,620.277345,4.28406078,3.07535173,40763.95757,Industria,0
2007-09-30 00:00:00,77.90787174,8.035493868,1254.901104,2.492218117,4.096091581,23872.12877,Tecnología,0
2007-10-31 00:00:00,112.9796322,7.173639574,1385.021851,1.787408219,9.534670765,55590.48543,Servicios,0
2007-11-30 00:00:00,87.36436558,5.826678186,600.2517441,1.395039547,3.633137623,22473.79133,Industria,0
2007-12-31 00:00:00,80.99148172,9.987773508,1258.984555,3.994424023,3.213915454,37987.77721,Industria,1
2008-01-31 00:00:00,105.1907761,6.173134354,517.0604863,2.810614117,6.248241806,31387.76266,Servicios,1
2008-02-29 00:00:00,71.20645277,6.823893695,1467.054918,3.854871036,3.322323611,26194.77663,Agricultura,0
2008-03-31 00:00:00,119.7364018,6.26947105,1115.058021,4.661630595,5.26047153,51353.46763,Servicios,0
2008-04-30 00:00:00,70.28172857,9.877161576,1052.439059,1.586334945,8.507586309,48597.29596,Servicios,0
2008-05-31 00:00:00,110.6689922,5.047950312,795.9498336,4.676684003,3.073602829,25837.91561,Agricultura,0
2008-06-30 00:00:00,86.20047839,5.967928005,1429.291672,2.646505838,4.84022271,45310.62564,Industria,0
2008-07-31 00:00:00,114.1116413,8.082091996,765.9056273,2.22106804,6.494407615,51702.20669,Tecnología,1
2008-08-31 00:00:00,127.7313127,4.37924571,1328.146613,4.772249042,5.910660321,50933.28881,Tecnología,0
2008-09-30 00:00:00,84.92518861,7.643496244,1485.108679,4.96260677,9.772509137,23691.18391,Tecnología,0
2008-10-31 00:00:00,104.5694401,6.865879017,1283.396646,1.795568871,7.12333229,47420.50876,Servicios,0
2008-11-30 00:00:00,105.5225159,5.703999861,1018.98992,3.627353388,7.659516178,48640.95684,Servicios,0
2008-12-31 00:00:00,104.3351143,5.430479686,566.0742639,1.425981255,9.702603532,54486.65068,Tecnología,0
2009-01-31 00:00:00,83.38489796,7.08707646,972.4137892,3.603656015,4.729942227,40321.77355,Servicios,0
2009-02-28 00:00:00,127.1649407,6.207565483,938.255947,4.309252911,4.198418336,38443.76001,Agricultura,0
2009-03-31 00:00:00,96.82752272,6.739119348,702.7960412,3.737994186,1.394761868,58604.653,Servicios,1
2009-04-30 00:00:00,120.7845203,6.024864291,923.5876367,2.669332568,2.657838759,51860.49023,Tecnología,0
2009-05-31 00:00:00,111.9687565,9.822962162,857.7578841,2.532265438,3.134706688,42349.23963,Tecnología,0
2009-06-30 00:00:00,87.84621705,4.80063659,663.6842612,2.572489661,2.651540204,33224.68285,Servicios,1
2009-07-31 00:00:00,118.8278692,4.580823719,941.3741433,3.358847272,7.793055039,53809.51984,Industria,0
2009-08-31 00:00:00,93.79034445,6.060350373,762.7999563,4.52626908,5.822946831,38217.45558,Servicios,0
2009-09-30 00:00:00,122.8661918,7.546161405,1022.062421,4.716264629,7.008704213,23707.40769,Industria,0
2009-10-31 00:00:00,104.8763724,7.955058831,535.1600597,1.214118481,8.384159448,38196.17091,Agricultura,1
2009-11-30 00:00:00,122.9041217,6.383540483,1406.23142,1.726489579,3.076965472,54878.73585,Agricultura,0
2009-12-31 00:00:00,111.5518954,9.995667964,1316.364306,1.448897263,3.933315458,37931.28588,Industria,0
2010-01-31 00:00:00,113.5152568,6.111357977,1052.581333,1.773338563,7.375242403,20573.96591,Industria,0
2010-02-28 00:00:00,100.0794629,8.328440008,1351.808583,2.386431242,4.534830513,44459.41296,Industria,1
2010-03-31 00:00:00,127.3650181,7.825496167,1462.395074,3.02612673,1.263438461,59833.20014,Industria,0
2010-04-30 00:00:00,108.639412,8.878323179,610.5222941,3.517844908,4.914596971,52689.94336,Agricultura,0
2010-05-31 00:00:00,95.43130291,9.857353981,1130.831808,3.928568877,9.174457778,44689.51786,Agricultura,0
2010-06-30 00:00:00,106.3835928,9.338761939,1497.994001,4.560446166,4.681193604,56575.95547,Servicios,0
2010-07-31 00:00:00,71.1515919,8.587371846,1487.889169,4.956353749,3.990240248,52543.26727,Tecnología,0
2010-08-31 00:00:00,88.094489,8.189490867,1103.322992,3.651425914,9.905725747,39945.57411,Industria,0
2010-09-30 00:00:00,109.6104122,6.012989018,628.0208705,4.381458075,6.799740078,43648.81142,Industria,0
2010-10-31 00:00:00,87.40465643,4.886113469,1083.192831,4.112155388,4.293982238,49251.71237,Industria,0
2010-11-30 00:00:00,107.0809257,4.375816018,502.0646356,2.230128157,1.918175782,53857.04656,Servicios,0
2010-12-31 00:00:00,95.72612206,5.451410225,698.9113347,4.502769081,8.090645005,22327.0561,Tecnología,0
2011-01-31 00:00:00,78.12844385,6.593688887,1456.12316,1.171052552,7.372674401,50992.15429,Industria,0
2011-02-28 00:00:00,87.89693956,7.131977642,830.4405726,1.001469375,9.297242193,37900.1376,Industria,0
2011-03-31 00:00:00,104.1978946,8.638501324,1138.390106,2.094930518,2.95548067,46431.94241,Servicios,0
2011-04-30 00:00:00,105.4523657,9.752445538,780.8594946,2.848390119,2.03431915,50585.32044,Industria,0
2011-05-31 00:00:00,104.4595149,4.703922882,1447.821887,3.55345158,7.516652738,41580.077,Tecnología,0
2011-06-30 00:00:00,109.1920492,4.642024841,1228.55873,1.407081066,2.830562578,26340.59402,Tecnología,0
2011-07-31 00:00:00,109.1261962,7.538168338,829.6511576,3.692040535,2.58493454,36381.07326,Industria,1
2011-08-31 00:00:00,95.88510613,8.472388444,1291.761421,4.207263468,3.878266019,23074.91975,Servicios,0
2011-09-30 00:00:00,123.7927958,9.088902282,608.1655245,1.741251678,8.351426273,47572.02765,Tecnología,1
2011-10-31 00:00:00,92.0537122,9.614992481,892.3189401,2.660501019,5.855829446,58148.24728,Servicios,0
2011-11-30 00:00:00,96.15189552,9.900557454,721.2181277,3.07993996,1.412653196,51810.11249,Tecnología,0
2011-12-31 00:00:00,123.5154013,6.398810153,1183.726447,2.807228072,5.175052072,35591.45691,Agricultura,0
2012-01-31 00:00:00,118.3716393,6.282011101,602.4462818,4.199319724,7.155816502,43371.65984,Tecnología,0
2012-02-29 00:00:00,112.233315,4.88685206,897.0258323,4.842089592,5.845315946,32168.02703,Industria,0
2012-03-31 00:00:00,76.01361324,8.109606632,776.6497302,4.195812656,6.152051963,41641.82398,Tecnología,0
2012-04-30 00:00:00,125.1689568,7.940571751,1006.342919,1.311971272,3.022995956,32029.07623,Industria,0
2012-05-31 00:00:00,112.854478,9.172375575,849.8976805,4.219742289,8.629653984,49532.99027,Tecnología,0
2012-06-30 00:00:00,129.9308204,4.583547969,1206.410578,1.266385329,6.052588458,30373.66032,Tecnología,0
2012-07-31 00:00:00,78.96689828,6.986661447,524.5770243,1.943881541,7.419214117,58560.81562,Tecnología,0
2012-08-31 00:00:00,122.0875634,7.486491578,1133.986921,1.612387587,9.836777953,46477.94929,Industria,1
2012-09-30 00:00:00,79.74957608,5.44934224,730.5712897,1.790076427,4.853787919,22751.11391,Agricultura,0
2012-10-31 00:00:00,106.9335739,5.014152437,768.7090288,3.113260508,8.929599514,20431.11054,Tecnología,0
2012-11-30 00:00:00,77.42919897,9.157485019,1300.255604,3.68675943,1.065529125,59881.85377,Agricultura,0
2012-12-31 00:00:00,120.8804938,4.351209533,1455.568394,2.881285129,1.300665634,28820.22313,Tecnología,0
2013-01-31 00:00:00,118.4391375,6.823725424,816.55021,4.838782556,6.312519296,32502.50994,Servicios,0
2013-02-28 00:00:00,104.1460443,4.695004008,1326.80527,1.96116928,3.80304456,28336.56057,Servicios,0
2013-03-31 00:00:00,94.43099783,6.742352568,603.990838,4.052560921,3.234489103,57124.0709,Tecnología,0
2013-04-30 00:00:00,74.15001973,9.879773958,1133.981653,4.480728714,3.501418215,46080.51439,Industria,0
2013-05-31 00:00:00,111.8457264,6.542238121,1251.0323,3.248264443,3.865626411,40175.45294,Servicios,1
2013-06-30 00:00:00,97.21256096,9.142749505,655.977928,2.824890008,7.560529265,42306.03258,Industria,0
2013-07-31 00:00:00,113.323336,4.703893385,926.0023877,3.384737787,6.12276375,32714.91389,Tecnología,0
2013-08-31 00:00:00,121.9829396,5.627512461,1392.707164,2.715239081,8.101323753,44567.00009,Servicios,0
2013-09-30 00:00:00,128.5312903,6.422756444,603.5784634,3.220775529,8.471769219,36784.01454,Agricultura,0
2013-10-31 00:00:00,121.3482005,6.39887284,518.0963582,2.667735809,8.586413734,27969.12586,Industria,0
2013-11-30 00:00:00,70.70284505,8.028300872,1090.585379,2.601878841,4.731797343,46264.20399,Industria,0
2013-12-31 00:00:00,91.59868387,6.068308764,935.5315405,3.781385873,4.791460567,34953.62277,Servicios,1
2014-01-31 00:00:00,113.7994337,8.28260121,1298.689249,1.371404852,9.336392921,51402.65516,Tecnología,0
2014-02-28 00:00:00,80.29778064,7.835121395,1423.455538,1.666168291,6.955872351,36615.7983,Tecnología,0
2014-03-31 00:00:00,101.2621964,6.394966872,799.1536445,4.404793887,1.724204656,40330.855,Agricultura,0
2014-04-30 00:00:00,73.2602793,6.590560766,888.4041172,4.084309387,5.879682587,51498.65917,Servicios,1
2014-05-31 00:00:00,81.99979149,7.687166199,986.2720863,2.125814909,4.204065337,37915.12372,Industria,0
2014-06-30 00:00:00,71.11130767,4.420253141,1088.15146,2.509075731,9.886914907,58648.8454,Servicios,1
2014-07-31 00:00:00,117.6218622,8.93444043,1483.85383,4.704106027,1.122898658,51721.14669,Agricultura,0
2014-08-31 00:00:00,83.43548128,7.920526967,1197.330251,4.272308901,6.509627858,53057.21621,Servicios,0
2014-09-30 00:00:00,90.72110084,8.358054787,889.5485073,3.4573852,7.51260785,58156.81867,Servicios,0
2014-10-31 00:00:00,125.6848776,7.221538006,763.7676865,1.885960715,3.600160942,35554.02515,Agricultura,0
2014-11-30 00:00:00,112.2648641,4.662862666,1444.625718,1.177007885,9.762773664,43203.21057,Tecnología,1
2014-12-31 00:00:00,71.91033577,6.43021368,635.5484331,2.725031387,8.735829643,47743.66963,Tecnología,0
2015-01-31 00:00:00,79.88164939,6.432241497,1220.265853,3.690508557,9.240875569,46938.33934,Industria,0
2015-02-28 00:00:00,107.2887041,5.92625794,1425.395025,4.313921962,1.173088534,58117.47178,Servicios,0
2015-03-31 00:00:00,104.6337153,4.179701949,1164.665587,4.410756023,6.128849362,31533.94536,Agricultura,0
2015-04-30 00:00:00,84.27356928,8.423525456,923.0544402,1.131103605,3.651852178,31654.46115,Agricultura,0
2015-05-31 00:00:00,126.0528399,4.658706748,698.9909399,1.976628135,8.641257714,56720.17608,Servicios,0
2015-06-30 00:00:00,106.8379574,7.637848798,867.4753223,2.356378354,6.695646912,51972.22567,Servicios,0
2015-07-31 00:00:00,102.1379682,8.219304979,1206.871809,1.754928844,5.849893039,28134.26496,Agricultura,1
2015-08-31 00:00:00,105.3945986,7.808717938,1149.534224,4.211901513,2.031293527,42801.87512,Agricultura,0
2015-09-30 00:00:00,113.8073218,9.754853512,1427.976167,4.069863052,5.862005243,49830.54936,Servicios,0
2015-10-31 00:00:00,88.71669973,4.619788931,1366.860914,3.067332162,6.687137317,34121.45562,Tecnología,0
2015-11-30 00:00:00,93.89326373,9.203002955,1316.150752,4.931705912,9.603210784,37375.29005,Tecnología,0
2015-12-31 00:00:00,82.59062494,4.175141409,1411.450875,1.576234164,6.265459094,43015.86447,Industria,0
2016-01-31 00:00:00,81.17158035,7.20950113,776.3371527,4.598606813,9.706605416,38684.3423,Industria,0
2016-02-29 00:00:00,126.6623434,6.425461708,869.5235401,1.465853017,9.65445504,50121.6956,Agricultura,0
2016-03-31 00:00:00,114.3730477,7.145103162,879.8939038,1.652726822,6.851803023,20237.55015,Servicios,0
2016-04-30 00:00:00,99.42752852,6.190599262,1060.450589,3.784876801,5.553171857,37385.30098,Industria,1
2016-05-31 00:00:00,83.64487768,5.14340149,1168.21823,1.438278768,5.194195694,33503.25501,Servicios,0
2016-06-30 00:00:00,85.26138891,4.114737385,786.716683,3.263380382,9.01340705,44366.56211,Tecnología,0
2016-07-31 00:00:00,73.48174962,7.108898883,519.4624673,2.680934146,1.254310147,51038.33768,Tecnología,0
2016-08-31 00:00:00,96.06499753,9.056661176,899.2223837,3.913895862,2.024273782,23045.80649,Tecnología,0
2016-09-30 00:00:00,88.70775292,6.239295734,808.5279596,4.602700955,1.918645562,26322.38934,Industria,0
2016-10-31 00:00:00,111.7806093,5.337182908,1442.184719,4.079486059,7.812417926,46603.26497,Servicios,0
2016-11-30 00:00:00,92.66511036,4.483192021,1388.265041,4.398759506,4.056859215,49536.09764,Industria,0
2016-12-31 00:00:00,80.77622065,4.511865539,1360.310678,1.131781794,6.741716903,43528.07108,Agricultura,0
2017-01-31 00:00:00,71.4807237,5.328378678,1152.999761,2.240781993,6.434046135,59312.13396,Servicios,0
2017-02-28 00:00:00,74.03497789,4.600084366,844.2891647,3.061732347,4.472451728,39978.45956,Agricultura,0
2017-03-31 00:00:00,110.7635664,5.59023819,1048.849267,2.663813259,5.7841095,25451.6934,Industria,0
2017-04-30 00:00:00,97.22181067,4.396896773,1315.225041,1.925019812,6.806246802,47451.64241,Tecnología,0
2017-05-31 00:00:00,102.1947527,4.393629203,598.6103687,2.231496392,9.468552969,44083.02089,Industria,1
2017-06-30 00:00:00,123.8002776,9.137657078,1301.07488,4.781723882,6.180706656,43616.859,Tecnología,0
2017-07-31 00:00:00,129.4203368,4.972721564,541.1797913,2.176723519,6.529307606,41834.14541,Servicios,0
2017-08-31 00:00:00,83.01381906,7.358094435,1316.421031,2.415616441,1.610702359,57563.82838,Tecnología,0
2017-09-30 00:00:00,109.7846922,8.640733267,1307.563804,1.014839095,9.569942333,25166.25587,Industria,0
2017-10-31 00:00:00,85.7993426,6.738457392,551.0073088,4.380310509,5.752737351,22927.89194,Servicios,1
2017-11-30 00:00:00,71.23905997,4.920213267,1127.160711,1.619362814,8.211460779,26164.68678,Industria,0
2017-12-31 00:00:00,115.5027192,5.197576853,1002.453074,1.816577102,1.452619568,29799.6084,Agricultura,0
2018-01-31 00:00:00,89.20102905,6.597905238,669.8195032,2.021058068,4.788191222,43717.85278,Industria,0
2018-02-28 00:00:00,93.00783365,7.169404535,648.3789377,4.538488227,3.312779132,44497.00996,Industria,0
2018-03-31 00:00:00,105.2990268,6.096641752,1273.259126,1.825805645,3.402783088,29304.0751,Tecnología,0
2018-04-30 00:00:00,119.8629073,8.688877601,1067.692749,4.190105443,8.12308357,39569.01997,Servicios,0
2018-05-31 00:00:00,107.7389106,8.506129893,1482.999135,4.232197361,6.614800527,39282.47411,Industria,0
2018-06-30 00:00:00,122.3590393,9.563270844,1482.247777,4.708082275,4.957707807,38124.43065,Agricultura,0
2018-07-31 00:00:00,86.41252209,4.173715294,1492.666993,1.462245254,1.095271656,52141.8118,Tecnología,1
2018-08-31 00:00:00,117.88281,9.374147747,618.6155184,1.869115889,9.684351487,38867.7228,Industria,0
2018-09-30 00:00:00,81.13815666,6.355412731,1438.256137,3.971593168,9.65820928,50334.61984,Servicios,0
2018-10-31 00:00:00,127.1674994,9.270234972,744.569609,1.784003017,2.957969893,26659.24527,Tecnología,0
2018-11-30 00:00:00,111.2492966,8.144708657,958.2122598,2.145318187,1.372117351,41278.69376,Industria,0
2018-12-31 00:00:00,82.93046063,9.924092542,1257.406556,1.66696632,5.771794267,52964.19104,Industria,0
2019-01-31 00:00:00,126.8422354,8.55569471,703.6209321,1.690786745,9.562697332,27108.66336,Tecnología,0
2019-02-28 00:00:00,113.8513484,6.187267756,1066.311606,2.926213419,9.193562612,38596.88675,Servicios,0
2019-03-31 00:00:00,85.23649856,7.006379037,685.8167482,1.438732248,6.261965775,44363.17264,Agricultura,1
2019-04-30 00:00:00,82.79871864,6.258334931,604.7361067,2.286790474,3.731939656,27390.98299,Servicios,0
2019-05-31 00:00:00,101.0920428,6.189471016,616.5586124,2.706375638,3.969647954,50270.62424,Agricultura,1
2019-06-30 00:00:00,71.53976308,5.565426996,857.6390348,1.098192466,9.081221963,23159.84991,Servicios,0
2019-07-31 00:00:00,82.44820453,6.975821772,504.6548368,2.553332666,5.426056321,57856.62036,Tecnología,1
2019-08-31 00:00:00,95.48112813,8.09043967,924.8539212,1.376489744,2.180046061,38728.85977,Agricultura,0
2019-09-30 00:00:00,92.45019882,5.664041628,1164.197105,2.974314125,3.235829284,33444.92345,Tecnología,0
2019-10-31 00:00:00,97.81452546,7.146278866,901.688185,4.302952754,3.491154113,24672.28029,Industria,0
2019-11-30 00:00:00,86.65772238,4.704281765,585.7946005,4.273688649,2.111920164,37303.86572,Tecnología,0
2019-12-31 00:00:00,105.2070608,4.959071721,562.688862,1.321794062,5.167399434,46392.16118,Agricultura,0
2020-01-31 00:00:00,121.8313364,4.280838128,778.1165128,3.404911031,9.244458174,23779.49117,Industria,0
2020-02-29 00:00:00,77.05191136,9.824388657,669.3126905,4.338345528,7.019042887,32250.76381,Agricultura,0
2020-03-31 00:00:00,101.0427464,4.023162109,1465.094973,1.951890172,1.652265318,53440.70331,Agricultura,0
2020-04-30 00:00:00,77.92408638,5.071479808,651.230225,4.047706046,1.04945336,45847.24102,Tecnología,0
2020-05-31 00:00:00,113.0115809,7.677200519,1305.462437,4.563057386,3.486229007,28254.92047,Servicios,0
2020-06-30 00:00:00,93.76358217,4.488217593,1086.107942,4.224496606,4.264236413,26436.39183,Servicios,0
2020-07-31 00:00:00,103.9252787,9.291379019,1069.28692,1.429204126,7.990747021,56179.40105,Tecnología,0
2020-08-31 00:00:00,80.99679017,8.317720947,1012.080716,1.036239998,9.703049715,31480.80885,Tecnología,0
2020-09-30 00:00:00,78.69086556,9.798339829,1471.763076,1.76689644,4.488104561,27180.00676,Servicios,0
2020-10-31 00:00:00,99.28337684,7.045813283,863.8447751,2.081909364,7.180210268,59998.56074,Servicios,0
2020-11-30 00:00:00,91.33676427,5.802422099,1287.915751,3.464731962,9.954117166,32367.67311,Tecnología,0
2020-12-31 00:00:00,126.4259167,7.297003437,1055.294107,2.537092701,7.710999255,24989.60751,Servicios,0
2021-01-31 00:00:00,115.9195152,9.584912304,895.6336676,3.813628123,6.725705942,38470.30519,Tecnología,1
2021-02-28 00:00:00,114.9198172,7.124568623,1455.465933,2.412299842,1.702673688,37373.80441,Tecnología,0
2021-03-31 00:00:00,124.2231844,5.603242191,1098.315969,1.617701699,3.908936811,57072.09903,Tecnología,0
2021-04-30 00:00:00,75.00534613,9.264392735,618.9169421,2.250759374,9.220529426,25368.1979,Tecnología,1
2021-05-31 00:00:00,103.1315482,6.231512491,917.539201,4.537296906,2.809049335,23645.45625,Tecnología,0
2021-06-30 00:00:00,105.0685641,4.0083001,1281.581728,4.834129377,8.592313233,23719.14684,Tecnología,0
2021-07-31 00:00:00,127.7161827,5.486110135,1193.747023,1.830050936,7.266913166,56171.49863,Industria,0
2021-08-31 00:00:00,87.52885161,5.909401055,1416.34033,4.153873548,4.296919337,37974.76712,Tecnología,0
2021-09-30 00:00:00,84.44972679,9.152664809,759.3773841,2.093394946,5.762568427,26024.26113,Tecnología,1
2021-10-31 00:00:00,76.01763654,6.751019002,1258.193716,4.548526174,5.885258219,43753.20394,Industria,0
2021-11-30 00:00:00,70.98577778,6.667523727,959.8752074,1.662182451,7.426484066,41504.93423,Servicios,1
2021-12-31 00:00:00,125.771759,6.016613598,1073.609747,3.663839675,5.64900347,27936.26991,Tecnología,0
2022-01-31 00:00:00,110.1949928,9.284068738,1455.046681,1.336845059,2.197683912,44121.52558,Tecnología,0
2022-02-28 00:00:00,117.1091747,9.670160662,1479.28632,4.895573296,7.961092044,33609.24937,Industria,0
2022-03-31 00:00:00,86.90380635,9.951341975,1361.590964,3.802533379,4.656452472,29534.83071,Servicios,0
2022-04-30 00:00:00,105.18461,6.260447602,859.0970877,4.367262958,9.667845012,40416.02444,Tecnología,0
2022-05-31 00:00:00,73.83731597,9.796884674,1387.700836,3.266677357,3.551624041,31665.97046,Tecnología,0
2022-06-30 00:00:00,99.13765576,8.751277418,1138.609178,2.907205456,3.367709023,28885.59687,Agricultura,0
2022-07-31 00:00:00,128.6497084,8.054134886,929.9967805,3.487529566,4.001566561,55188.89633,Industria,0
2022-08-31 00:00:00,122.5903147,5.469336877,535.7426825,3.114966047,6.150853144,26230.50306,Servicios,0
2022-09-30 00:00:00,90.28953711,5.298743566,1270.128124,2.877537421,9.053827662,31223.59909,Servicios,0
2022-10-31 00:00:00,127.6942093,4.996286947,1002.105581,4.037801006,2.586534761,35445.53519,Servicios,0
2022-11-30 00:00:00,83.90209759,9.536539661,1286.188499,1.71280382,3.517109178,30945.53241,Agricultura,0
2022-12-31 00:00:00,126.9591293,5.764459974,1248.022799,1.684688193,6.235118588,28428.4257,Servicios,0
2023-01-31 00:00:00,126.4826623,6.718565473,1293.567368,2.727370603,5.089008179,50845.84388,Industria,0
2023-02-28 00:00:00,117.9521552,6.963747004,800.6511587,2.282991664,5.025905985,33160.64635,Industria,0
2023-03-31 00:00:00,107.8268762,8.669029573,1300.798599,1.296498072,8.386608359,24500.51831,Tecnología,0
2023-04-30 00:00:00,122.457278,9.065409769,1048.846328,4.37788197,9.314904723,41635.8065,Tecnología,0
2023-05-31 00:00:00,87.58121707,4.834436207,973.3262004,4.086411227,5.331762695,25019.53989,Industria,0
2023-06-30 00:00:00,120.9366133,6.561426161,1175.125914,3.175685999,7.186166159,34300.7843,Servicios,0
2023-07-31 00:00:00,107.0726015,9.057129327,521.3586829,4.917298149,8.209528399,55273.07049,Tecnología,0
2023-08-31 00:00:00,70.79421147,8.908199835,602.3168159,1.290400266,5.665297693,34766.4478,Tecnología,1
2023-09-30 00:00:00,90.83401108,4.614482551,792.1773652,4.066677204,3.648847681,45300.35897,Servicios,0
2023-10-31 00:00:00,78.88845166,4.938300093,1482.99011,2.065481566,6.74276138,40585.02144,Tecnología,0
2023-11-30 00:00:00,128.9097634,5.82519215,639.7457789,2.47439568,6.265981903,25508.99383,Industria,0
2023-12-31 00:00:00,98.70221842,4.452154415,830.5963008,1.877117541,9.114065378,45962.78391,Agricultura,0
2024-01-31 00:00:00,99.84348193,6.547978017,551.0530647,4.156151566,1.471663331,54241.39988,Agricultura,0
2024-02-29 00:00:00,108.368351,4.645706231,831.2688803,1.576960408,9.191182484,23728.49896,Industria,0
2024-03-31 00:00:00,92.11507637,7.409305562,820.3262865,4.360066791,5.809888253,50147.20357,Tecnología,0
2024-04-30 00:00:00,78.2140163,5.479341639,1446.807171,3.646310593,1.141085044,47608.45126,Industria,0
2024-05-31 00:00:00,119.327064,7.578598392,1345.154087,1.236092981,4.102319609,54666.423,Tecnología,0
2024-06-30 00:00:00,81.39087471,4.705153857,882.7642192,4.243926926,7.519002075,24163.67729,Tecnología,0
2024-07-31 00:00:00,100.679139,9.855303211,524.769058,3.511022865,5.395897791,32227.81518,Industria,0
2024-08-31 00:00:00,83.45902174,9.595367223,1331.031114,4.619929278,9.821431337,47771.65949,Industria,0
2024-09-30 00:00:00,75.87066907,6.350781631,1160.536177,3.994889226,4.803490664,20880.71916,Industria,0
2024-10-31 00:00:00,121.731491,5.453071565,652.3644837,3.24448371,3.939717067,49363.02711,Agricultura,0
2024-11-30 00:00:00,128.3751693,5.502389277,1496.071271,4.346188722,8.39504741,54319.14316,Agricultura,0
2024-12-31 00:00:00,127.6500795,6.900361211,600.2334374,2.112200953,5.931160294,38132.1621,Tecnología,0
2025-01-31 00:00:00,124.39333,4.239956811,1367.114542,3.187800247,7.140939212,37373.19614,Industria,0
2025-02-28 00:00:00,116.44284,7.838230636,794.2661641,2.174467279,8.251321042,31138.75848,Servicios,0
2025-03-31 00:00:00,89.98870912,6.44981745,935.3534663,4.872817564,7.042847915,20202.0748,Tecnología,0
2025-04-30 00:00:00,74.8660834,6.264439436,1295.456527,1.904785203,4.801667453,27452.14067,Tecnología,0
2025-05-31 00:00:00,94.43447028,8.856189829,1177.508356,1.062952959,2.123168031,59194.56474,Agricultura,0
2025-06-30 00:00:00,83.93404853,8.254212761,1437.864374,2.303419368,6.222233499,54691.44308,Servicios,0
2025-07-31 00:00:00,77.94925809,9.726002892,1121.140325,3.010037588,9.076899941,30660.18555,Servicios,1
2025-08-31 00:00:00,73.20563091,6.111617443,597.8101615,1.113451737,4.770031839,58549.95428,Agricultura,0
2025-09-30 00:00:00,113.5356619,9.385256588,1384.360363,3.2369932,9.196527114,34708.50464,Tecnología,0
2025-10-31 00:00:00,70.68564752,8.619803118,1269.155525,4.4971311,5.531750378,31903.41499,Agricultura,0
2025-11-30 00:00:00,116.2348449,6.14454791,1211.870451,3.818928778,6.587574062,26112.30542,Servicios,0
2025-12-31 00:00:00,78.81679872,7.729992619,553.7335474,3.491873292,8.496896285,56064.44278,Agricultura,0
2026-01-31 00:00:00,74.77132496,5.731419746,896.2227447,4.823847003,6.081373987,59479.69964,Industria,0
2026-02-28 00:00:00,75.37618205,9.246399502,667.4358195,4.833117335,1.818724054,33096.45616,Industria,0
2026-03-31 00:00:00,110.3228684,4.674563903,1321.903908,4.297065879,9.828814607,48137.21693,Tecnología,0
2026-04-30 00:00:00,84.72203259,5.274606168,1200.528623,3.43096739,3.212643717,33412.13639,Tecnología,0
2026-05-31 00:00:00,95.232368,5.098199752,1383.077597,2.951058238,7.394547958,24199.62957,Agricultura,0
2026-06-30 00:00:00,103.4421275,6.418156014,1466.575107,1.053264453,5.546020948,35707.69228,Industria,1
2026-07-31 00:00:00,121.6330704,8.47139776,1274.747614,3.425047625,5.308953731,42062.79843,Tecnología,0
2026-08-31 00:00:00,113.6226558,7.161444694,1494.233083,4.956352301,3.19546737,24920.67037,Industria,1
2026-09-30 00:00:00,86.21967431,6.926057941,1114.769886,4.2724042,7.499356891,52730.91099,Agricultura,0
2026-10-31 00:00:00,77.88896796,4.003275789,537.1296039,2.362418576,2.015094383,39894.52468,Servicios,0
2026-11-30 00:00:00,73.32245923,6.552410352,514.2515152,1.6081881,9.914079784,29375.3181,Servicios,0
2026-12-31 00:00:00,88.09591807,4.381322649,842.1038752,4.136234458,8.608361834,43710.38314,Servicios,0
2027-01-31 00:00:00,85.72708895,5.249519513,1323.471719,3.975751283,5.81058046,51730.37224,Tecnología,0
2027-02-28 00:00:00,97.36843401,9.594363634,1366.134706,4.868187168,4.820976605,33104.97396,Servicios,0
2027-03-31 00:00:00,110.9968801,5.292389226,1460.812529,4.499369448,3.578181692,48059.05298,Industria,0
2027-04-30 00:00:00,111.7375267,9.150025832,565.1214685,3.222650501,5.514323238,37114.3672,Agricultura,0
2027-05-31 00:00:00,87.01113079,8.817360229,544.571111,1.405136988,8.914757158,58562.04675,Industria,0
2027-06-30 00:00:00,92.79561735,4.954877422,1413.283596,2.934002634,3.475057606,50837.60346,Industria,0
2027-07-31 00:00:00,80.8690577,7.634271744,805.0466984,2.254780216,5.504837129,34254.0361,Agricultura,1
2027-08-31 00:00:00,117.3127307,4.693971231,1057.987401,3.049633928,3.110949119,20709.91836,Agricultura,0
2027-09-30 00:00:00,73.41088459,8.36732895,1482.444883,2.206806299,4.034342023,46300.79582,Industria,0
2027-10-31 00:00:00,111.8198345,7.824773664,900.4485347,4.447291968,2.71234458,27914.88634,Industria,0
2027-11-30 00:00:00,116.7217238,8.87163137,1165.871398,4.377308056,9.914852745,24875.16703,Agricultura,0
2027-12-31 00:00:00,116.6444537,6.876307296,900.8795636,2.261860629,6.143477018,57271.05806,Servicios,0
2028-01-31 00:00:00,85.56535386,9.489178527,1268.194664,3.398325385,7.595336116,59997.95881,Industria,0
2028-02-29 00:00:00,92.42878828,4.296093681,1027.714726,2.720723431,1.884249221,30795.55282,Agricultura,0
2028-03-31 00:00:00,105.2559781,5.75733139,737.523138,4.636371028,4.295057951,32070.74209,Servicios,0
2028-04-30 00:00:00,86.36931415,8.290315585,771.3061013,1.749443606,9.033758227,26599.55757,Agricultura,0
2028-05-31 00:00:00,92.25116795,6.50865527,758.0592125,3.790913607,1.759944938,38307.39104,Industria,0
2028-06-30 00:00:00,81.82325681,5.037708126,1032.320328,4.881501311,2.489349055,54633.75039,Tecnología,0
2028-07-31 00:00:00,97.59135303,4.643264473,1203.189016,1.701102078,6.628758493,48060.23808,Servicios,0
2028-08-31 00:00:00,72.67673808,8.904034669,1449.2799,1.807865714,6.605100947,53853.26232,Tecnología,0
2028-09-30 00:00:00,117.9877531,6.838857871,1194.087375,3.774893355,8.5440434,29139.26623,Servicios,0
2028-10-31 00:00:00,74.61738682,9.293702032,1281.192844,4.116615698,9.419434875,49218.2427,Servicios,0
2028-11-30 00:00:00,101.1301089,8.399734806,668.9261159,2.962196219,2.277878279,56741.06514,Tecnología,0
2028-12-31 00:00:00,88.40860597,6.458357234,874.062625,3.438745861,3.334364367,31256.64457,Industria,1
2029-01-31 00:00:00,104.6525769,6.241066085,913.7802199,1.850729635,4.847152651,47626.14174,Industria,1
2029-02-28 00:00:00,127.5660005,7.09383008,1186.38023,2.906456914,1.00812957,36026.29647,Industria,0
2029-03-31 00:00:00,108.7342147,9.334359719,795.8919764,1.448287523,1.628328727,31609.06581,Agricultura,0
2029-04-30 00:00:00,72.12174615,8.423671478,803.2919214,2.285687701,3.038421501,58784.93875,Industria,1
2029-05-31 00:00:00,95.82414637,4.030917786,855.8891546,2.13911882,5.329917676,33945.3292,Agricultura,0
2029-06-30 00:00:00,100.6010111,8.164947108,1310.302082,2.77850144,3.263704644,24313.98725,Servicios,0
2029-07-31 00:00:00,102.1706497,9.517044441,1077.59009,4.720505449,8.89013703,35543.56838,Industria,0
2029-08-31 00:00:00,110.8835506,8.262734557,575.2772798,1.725070649,3.91845588,37907.13164,Servicios,0
2029-09-30 00:00:00,86.65576586,5.062034689,578.2460997,2.605552986,9.321605309,50088.43302,Servicios,0
2029-10-31 00:00:00,77.73163393,6.901108765,871.2869443,3.462388876,9.773085347,57996.57068,Agricultura,0
2029-11-30 00:00:00,93.56054059,4.841896108,1266.591051,4.786228344,5.048753805,52682.27935,Servicios,0
2029-12-31 00:00:00,127.3843434,6.15397167,1188.683426,1.532592766,3.044159352,57237.65245,Tecnología,0
2030-01-31 00:00:00,81.22785351,9.622702252,1207.982355,4.671506468,3.624995201,39002.4052,Tecnología,0
2030-02-28 00:00:00,124.2390373,9.539831845,1267.210066,1.324215155,7.987003135,48772.66273,Industria,0
2030-03-31 00:00:00,102.628357,5.697021113,787.1527129,2.922965589,3.46014737,32361.9834,Agricultura,0
2030-04-30 00:00:00,97.4146853,6.037786265,1048.256282,2.818359469,4.425245811,22783.48434,Servicios,0
2030-05-31 00:00:00,122.9224846,7.601277209,1043.35264,1.838410916,5.307182726,34618.94101,Industria,0
2030-06-30 00:00:00,97.51623771,9.779183772,1239.632501,2.389838672,6.176000048,47916.60913,Agricultura,0
2030-07-31 00:00:00,113.4500582,4.886808004,1456.870569,2.816661073,9.964903963,30984.88441,Tecnología,0
2030-08-31 00:00:00,93.9415193,5.541499862,777.9899448,4.460845852,3.089887796,54456.23583,Agricultura,0
2030-09-30 00:00:00,124.2426636,9.241340964,1293.281673,4.820256581,4.180813329,51630.914,Tecnología,1
2030-10-31 00:00:00,111.4015012,6.95135339,1159.970549,3.075702715,3.366020593,27761.70197,Agricultura,0
2030-11-30 00:00:00,111.9773233,9.393766553,1080.237871,4.480399161,4.25002093,33233.4705,Agricultura,0
2030-12-31 00:00:00,89.66322409,5.113107385,1274.879779,3.432686343,1.907240652,53012.1047,Tecnología,0
2031-01-31 00:00:00,115.4067186,7.196011525,1444.032466,2.396349368,4.238287905,29757.51158,Servicios,0
2031-02-28 00:00:00,108.1636633,5.957617796,536.6914179,1.77677683,8.990785283,33264.08583,Tecnología,0
2031-03-31 00:00:00,84.4012164,5.899255359,647.4001025,2.652539087,3.687308631,33722.6773,Agricultura,0
2031-04-30 00:00:00,79.63232935,6.681261784,1256.287232,3.091297132,4.347413019,52041.68111,Tecnología,0
2031-05-31 00:00:00,117.7834885,6.598464695,583.7913529,1.177773553,9.50026748,21481.21062,Industria,0
2031-06-30 00:00:00,127.5499962,6.144081278,1016.123701,1.583364663,7.555410967,22951.47932,Industria,0
2031-07-31 00:00:00,97.48832964,9.489824622,719.8607766,3.400737696,5.650648433,43138.06193,Industria,0
2031-08-31 00:00:00,105.4590499,8.390465113,774.2957038,1.900006379,7.994734556,35884.47964,Industria,0
2031-09-30 00:00:00,121.4633587,8.365281948,1201.840483,4.349305504,2.10861684,45315.41278,Tecnología,0
2031-10-31 00:00:00,97.4334072,5.739480698,530.1927733,2.307768999,5.180413179,30658.45105,Tecnología,0
2031-11-30 00:00:00,127.1124686,7.466256546,1373.319428,1.419336829,2.064125159,56383.3071,Servicios,0
2031-12-31 00:00:00,104.5450697,8.6750766,944.4789554,1.334122354,3.102563305,50437.67549,Tecnología,0
2032-01-31 00:00:00,119.2460272,8.773542211,1002.393294,4.748492082,2.276805338,22709.84882,Industria,0
2032-02-29 00:00:00,124.5306231,6.067182765,1040.047964,1.472081245,4.256211153,51356.21909,Servicios,0
2032-03-31 00:00:00,118.9314291,8.625236539,1145.544295,1.563639057,4.434753884,58783.29489,Servicios,0
2032-04-30 00:00:00,79.56486781,8.415363381,844.8565866,4.450664232,9.525777236,57697.42482,Agricultura,1
2032-05-31 00:00:00,107.7339063,4.849038914,601.1074906,2.017152521,3.377131581,49419.35192,Tecnología,0
2032-06-30 00:00:00,93.90605552,9.195672811,818.3789367,3.663805643,5.251859608,24943.75014,Tecnología,0
2032-07-31 00:00:00,73.76277712,6.647928821,668.142118,4.266902748,8.302414636,43043.07063,Servicios,0
2032-08-31 00:00:00,95.44193511,6.918462693,1056.133179,3.428722561,8.340558278,31369.30915,Agricultura,0
2032-09-30 00:00:00,85.52104401,6.690215073,818.028631,4.829954174,7.753088683,58808.51775,Servicios,0
2032-10-31 00:00:00,120.9422985,7.407076009,1458.067178,3.835531597,3.590503859,48699.42901,Servicios,0
2032-11-30 00:00:00,71.99827759,7.727015484,1465.734278,1.45100604,5.454744575,44430.62359,Tecnología,1
2032-12-31 00:00:00,127.5389633,6.989077395,1120.125881,3.233640106,2.675904357,47803.5217,Industria,0
2033-01-31 00:00:00,91.32213091,9.20073126,1117.497268,3.872746104,2.695595705,37519.16516,Agricultura,0
2033-02-28 00:00:00,91.40241342,7.766408537,1485.378565,4.207828961,4.922570918,34909.47006,Servicios,0
2033-03-31 00:00:00,70.97971016,6.408567696,1387.283151,1.105285341,7.647329991,57431.98318,Tecnología,0
2033-04-30 00:00:00,81.11393951,6.500150541,1265.069949,3.875515661,5.73925834,33277.08539,Agricultura,0
2033-05-31 00:00:00,94.07557005,8.865031691,813.5906117,4.302723284,8.980148988,21657.44527,Servicios,0
2033-06-30 00:00:00,125.757485,6.089151656,865.5390281,3.987335244,8.47817918,36033.60617,Tecnología,0
2033-07-31 00:00:00,75.97689581,5.268728775,701.2667658,3.049396583,1.284448985,51613.6141,Agricultura,0
2033-08-31 00:00:00,126.718092,4.356299128,987.1481269,2.832083852,6.115771386,45938.73432,Tecnología,0
2033-09-30 00:00:00,122.1693118,9.256161088,1490.368522,3.197674333,6.482451379,58486.83102,Tecnología,0
2033-10-31 00:00:00,97.24974381,9.511278707,1412.150953,3.818574795,9.654176299,24248.0747,Tecnología,1
2033-11-30 00:00:00,89.60205291,4.720721093,618.349434,4.691657163,1.20912964,56461.85209,Servicios,1
2033-12-31 00:00:00,83.96464776,6.006842449,525.1902893,3.468140843,5.779933939,34753.96776,Industria,0
2034-01-31 00:00:00,106.8678824,5.052232417,1398.637668,4.551337225,2.843032257,38960.10342,Servicios,0
2034-02-28 00:00:00,71.98447549,4.695390813,1037.170128,3.80502739,1.482966157,37139.28618,Servicios,0
2034-03-31 00:00:00,70.93636387,9.399200458,700.1898882,1.27334551,6.287396723,24658.09124,Industria,0
2034-04-30 00:00:00,95.72774335,4.341263555,1173.65327,3.00331276,7.953437293,29911.85823,Tecnología,1
2034-05-31 00:00:00,74.08444444,9.882913981,1144.223178,2.145945393,7.973789043,49690.86277,Industria,0
2034-06-30 00:00:00,85.11645929,4.578705164,622.0856068,2.140699713,1.272595691,20920.30167,Servicios,0
2034-07-31 00:00:00,83.26965492,9.180823895,759.6002335,2.423710205,4.662517602,25355.51098,Tecnología,0
2034-08-31 00:00:00,85.19147162,7.399036642,560.0779643,2.258931088,1.400586644,21008.40675,Servicios,0
2034-09-30 00:00:00,77.86331387,6.207504927,709.8604739,3.31443992,3.230547823,54295.52229,Agricultura,0
2034-10-31 00:00:00,70.72217337,6.05405426,632.3056749,3.734406001,2.735926325,44692.99311,Tecnología,0
2034-11-30 00:00:00,76.92905783,8.544184859,693.2362925,2.074997548,2.936643213,26797.14648,Agricultura,0
2034-12-31 00:00:00,107.1088156,5.88743977,1185.467146,1.51905049,4.052065726,50750.88892,Servicios,0
2035-01-31 00:00:00,128.4553728,7.9439135,549.4997443,1.235234884,3.496762377,58672.0239,Tecnología,0
2035-02-28 00:00:00,129.4207001,7.103956501,601.8546152,3.30301138,9.660519202,57382.41498,Servicios,1
2035-03-31 00:00:00,94.54324572,6.909793871,634.1736381,1.744520665,4.17166408,56861.90191,Agricultura,0
2035-04-30 00:00:00,79.77726556,9.406973024,816.541121,1.036991977,9.047552638,20312.40862,Tecnología,0
2035-05-31 00:00:00,108.3257054,7.327870352,798.7503109,4.711012317,2.629375044,43560.53956,Industria,0
2035-06-30 00:00:00,99.41832079,8.961169618,755.0637853,3.148561676,7.873721805,30265.30467,Servicios,0
2035-07-31 00:00:00,129.3645866,8.353441205,1250.536653,1.369792721,1.552109824,42585.88857,Industria,0
2035-08-31 00:00:00,73.91825243,4.231343476,1498.022788,4.371684449,5.164851065,32721.21157,Tecnología,0
2035-09-30 00:00:00,116.9940663,8.638660315,1033.977924,4.932810953,1.049593962,26146.66171,Tecnología,0
2035-10-31 00:00:00,87.30390984,5.301221501,1444.202718,2.794402648,8.292616868,37779.74893,Industria,1
2035-11-30 00:00:00,84.4851172,9.418897881,896.6101121,1.169958433,9.554374324,39803.85309,Tecnología,0
2035-12-31 00:00:00,109.7502743,4.257545144,606.6824468,1.470183763,1.315966337,59590.62027,Agricultura,0
2036-01-31 00:00:00,84.7637911,5.998432207,908.7738295,2.526614987,9.404617253,21695.51537,Tecnología,0
2036-02-29 00:00:00,109.9515471,4.598397683,796.1277734,4.54209055,7.964685023,32046.20796,Tecnología,0
2036-03-31 00:00:00,101.038511,6.853534703,993.4069623,1.592154717,4.229754209,54075.7538,Agricultura,0
2036-04-30 00:00:00,95.44533931,8.920134615,1157.043677,4.295960376,9.179888961,46387.81993,Industria,0
2036-05-31 00:00:00,103.2812685,5.789124158,961.0502192,1.059905041,3.666315441,53067.32127,Servicios,0
2036-06-30 00:00:00,87.2230912,4.905609384,1435.160512,2.829554795,4.68365781,46411.63674,Agricultura,0
2036-07-31 00:00:00,112.3944824,5.981602214,1384.764822,3.577588564,1.87040136,50381.45237,Servicios,1
2036-08-31 00:00:00,94.89141216,8.883280852,1201.977595,1.241517928,6.912450657,39716.87,Agricultura,0
2036-09-30 00:00:00,91.63273363,4.842303747,989.6849124,3.459051002,1.266407459,28195.10772,Servicios,0
2036-10-31 00:00:00,119.7194149,5.364174694,631.6872818,4.777616486,5.364147477,52400.15443,Tecnología,0
2036-11-30 00:00:00,125.4980147,4.413111787,897.0136668,1.641039681,7.148726652,42712.82619,Tecnología,1
2036-12-31 00:00:00,72.76043865,8.234260264,1204.401539,3.918445532,8.391138409,25580.20775,Industria,1
2037-01-31 00:00:00,83.95761957,6.371399461,784.8855206,3.436375592,2.349472507,52195.76107,Agricultura,0
2037-02-28 00:00:00,90.91116217,5.865039863,603.9880775,1.740465556,7.786813296,58343.43641,Industria,0
2037-03-31 00:00:00,118.8979888,8.311758342,1407.898458,1.024813659,7.471693212,33846.55491,Industria,0
2037-04-30 00:00:00,129.1294857,6.015865254,1209.05081,1.037137802,6.036134807,31740.49008,Industria,0
2037-05-31 00:00:00,128.1383023,8.366627639,1115.276427,3.128369637,6.26180138,23271.00713,Tecnología,0
2037-06-30 00:00:00,124.2969007,8.891196372,1292.498906,4.771117638,1.821436488,46579.64906,Agricultura,0
2037-07-31 00:00:00,87.7933759,5.305977061,1335.646038,3.57719451,6.404239389,58358.46474,Agricultura,0
2037-08-31 00:00:00,129.5206746,9.842912181,983.4589982,3.857199385,4.433699864,25439.7076,Agricultura,0
2037-09-30 00:00:00,84.96520246,4.974147687,1381.188251,2.975461948,8.808227662,39406.38525,Agricultura,0
2037-10-31 00:00:00,76.35436929,5.74504544,1416.419011,3.327555771,3.817889936,23929.52739,Industria,0
2037-11-30 00:00:00,127.0571567,5.078771745,771.5510954,1.505470101,6.189355696,21364.39615,Agricultura,0
2037-12-31 00:00:00,84.00521533,6.073033938,1107.54536,4.507282482,4.839142597,46580.04203,Industria,0
2038-01-31 00:00:00,111.3860959,6.880365327,1026.584029,4.043170515,8.886357444,54707.48701,Industria,0
2038-02-28 00:00:00,73.50138154,7.133055214,1037.945779,4.992795811,3.285250003,33502.82145,Agricultura,0
2038-03-31 00:00:00,113.8425459,9.121636254,1437.663094,2.19089179,1.709221243,55030.60698,Agricultura,0
2038-04-30 00:00:00,122.9032127,9.336687453,805.1887027,1.908071087,7.737901489,24682.12397,Agricultura,0
2038-05-31 00:00:00,86.34621373,5.320623165,1483.433978,1.500646632,4.716069552,29518.42728,Servicios,0
2038-06-30 00:00:00,92.74341376,7.737364193,1402.131215,4.856839026,6.301885232,56064.26908,Tecnología,0
2038-07-31 00:00:00,92.457771,4.668976344,958.7228886,4.123540739,1.237503985,40340.39575,Industria,0
2038-08-31 00:00:00,114.9272955,6.753819161,1317.453264,1.665298455,9.568988123,44327.69535,Agricultura,0
2038-09-30 00:00:00,84.26843455,5.934001228,1269.046994,3.210745884,8.898565396,21520.7293,Tecnología,0
2038-10-31 00:00:00,80.31118594,5.899004473,1177.89497,2.655072832,6.614811105,25135.59641,Industria,0
2038-11-30 00:00:00,96.95749892,6.89550545,819.8338894,1.605944031,1.153268579,22231.6325,Agricultura,0
2038-12-31 00:00:00,88.26810444,8.378965813,696.4509918,1.64829194,4.401788266,56200.0296,Servicios,0
2039-01-31 00:00:00,120.3513473,4.415095953,1171.527697,4.853879979,9.80916884,25391.79855,Servicios,0
2039-02-28 00:00:00,84.26450956,9.275040026,1342.973296,2.219856732,7.131973229,53986.91306,Tecnología,0
2039-03-31 00:00:00,100.1433674,8.408882648,516.2527887,4.765757167,2.448890752,34041.38797,Agricultura,0
2039-04-30 00:00:00,126.555016,5.058996333,1142.803375,1.302442692,5.145370738,52023.89985,Industria,0
2039-05-31 00:00:00,108.0398619,9.634965455,942.8730246,2.843212169,9.700639695,34601.7419,Servicios,0
2039-06-30 00:00:00,122.0373643,7.037873344,1398.087755,1.518476194,5.81237357,30707.36159,Agricultura,0
2039-07-31 00:00:00,126.4125814,9.998851469,821.4729309,1.019149541,1.221530752,23746.42805,Agricultura,0
2039-08-31 00:00:00,115.0458917,5.183556846,974.1848123,3.215064295,6.577948758,31228.26362,Agricultura,0
2039-09-30 00:00:00,111.9745036,7.20944919,1014.767104,1.455576419,3.440948778,38859.18867,Industria,0
2039-10-31 00:00:00,128.077934,5.741488255,640.4395214,3.888098124,1.889613567,52700.35196,Industria,0
2039-11-30 00:00:00,129.6640474,5.825041344,1212.892303,3.792465503,4.626176003,38100.59819,Servicios,0
2039-12-31 00:00:00,97.10930096,7.546392285,1330.476345,1.70533163,6.026707877,58857.423,Servicios,0
2040-01-31 00:00:00,74.25218669,9.530314401,557.9092769,4.766968573,1.153366462,41665.32043,Servicios,0
2040-02-29 00:00:00,87.56764189,8.831583133,791.3888205,3.884173634,6.031421278,20997.82519,Tecnología,0
2040-03-31 00:00:00,79.14128234,8.343648391,538.0446815,2.191881057,5.600828322,36614.69201,Tecnología,0
2040-04-30 00:00:00,95.04918249,7.355042693,1456.544105,3.836935056,8.145175448,47555.9643,Tecnología,0
2040-05-31 00:00:00,77.87735971,9.533791022,1167.168821,3.927721111,4.811948351,29371.66585,Tecnología,0
2040-06-30 00:00:00,106.2470682,6.95416844,1464.200419,2.368905325,5.981053867,47945.19803,Servicios,0
2040-07-31 00:00:00,92.96848355,9.24299307,1031.494278,2.50235425,7.678083737,40147.89221,Servicios,0
2040-08-31 00:00:00,123.7231531,9.003889863,1302.068524,2.436426031,9.074312846,21029.51102,Agricultura,0
2040-09-30 00:00:00,128.0676803,5.283012081,874.4139839,3.466473774,4.420311184,50974.11798,Servicios,0
2040-10-31 00:00:00,102.8130941,8.627352778,853.8190326,4.601640586,6.414701462,42414.94815,Industria,0
2040-11-30 00:00:00,86.48941419,4.073026942,878.2678171,1.692772945,7.251498131,23299.74012,Agricultura,0
2040-12-31 00:00:00,105.5338251,5.936977225,1157.862134,4.500798439,1.389436088,39008.56134,Servicios,0
2041-01-31 00:00:00,123.8056695,5.377404668,859.453151,1.110612626,8.206844576,31491.71527,Servicios,0
2041-02-28 00:00:00,94.40400075,7.041177751,1400.367452,3.641354384,4.396871667,55187.2617,Servicios,0
2041-03-31 00:00:00,103.1246966,8.42111897,1483.274865,2.657755493,7.032150473,31397.08211,Servicios,0
2041-04-30 00:00:00,86.29916606,4.586058205,530.4265153,4.165126209,5.244976596,57667.48284,Agricultura,0
2041-05-31 00:00:00,97.32664897,7.089533212,693.6232904,3.884792452,7.321052284,41845.30997,Servicios,0
2041-06-30 00:00:00,94.10281212,9.63047213,612.2499926,2.920431229,7.518978813,32944.54838,Agricultura,0
2041-07-31 00:00:00,84.9048079,5.371879306,542.3640471,3.575456147,2.724139121,52541.8007,Tecnología,1
2041-08-31 00:00:00,100.351983,8.062846865,727.7409933,3.007092523,6.959568109,47896.01513,Tecnología,0
